TIMESTAMP_START,TIMESTAMP_END,TA_F,TA_F_QC,SW_IN_POT,SW_IN_F,SW_IN_F_QC,LW_IN_F,LW_IN_F_QC,VPD_F,VPD_F_QC,PA_F,PA_F_QC,P_F,P_F_QC,WS_F,WS_F_QC,WD,USTAR,RH,NETRAD,PPFD_IN,PPFD_OUT,SW_DIF,SW_OUT,LW_OUT,CO2_F_MDS,CO2_F_MDS_QC,TS_F_MDS_1,TS_F_MDS_2,TS_F_MDS_3,TS_F_MDS_4,TS_F_MDS_5,TS_F_MDS_6,TS_F_MDS_7,TS_F_MDS_8,TS_F_MDS_9,TS_F_MDS_1_QC,TS_F_MDS_2_QC,TS_F_MDS_3_QC,TS_F_MDS_4_QC,TS_F_MDS_5_QC,TS_F_MDS_6_QC,TS_F_MDS_7_QC,TS_F_MDS_8_QC,TS_F_MDS_9_QC,SWC_F_MDS_1,SWC_F_MDS_2,SWC_F_MDS_3,SWC_F_MDS_4,SWC_F_MDS_5,SWC_F_MDS_6,SWC_F_MDS_7,SWC_F_MDS_8,SWC_F_MDS_1_QC,SWC_F_MDS_2_QC,SWC_F_MDS_3_QC,SWC_F_MDS_4_QC,SWC_F_MDS_5_QC,SWC_F_MDS_6_QC,SWC_F_MDS_7_QC,SWC_F_MDS_8_QC,G_F_MDS,G_F_MDS_QC,LE_F_MDS,LE_F_MDS_QC,LE_CORR,LE_CORR_25,LE_CORR_75,LE_RANDUNC,H_F_MDS,H_F_MDS_QC,H_CORR,H_CORR_25,H_CORR_75,H_RANDUNC,NIGHT,NEE_VUT_REF,NEE_VUT_REF_QC,NEE_VUT_REF_RANDUNC,NEE_VUT_25,NEE_VUT_50,NEE_VUT_75,NEE_VUT_25_QC,NEE_VUT_50_QC,NEE_VUT_75_QC,RECO_NT_VUT_REF,RECO_NT_VUT_25,RECO_NT_VUT_50,RECO_NT_VUT_75,GPP_NT_VUT_REF,GPP_NT_VUT_25,GPP_NT_VUT_50,GPP_NT_VUT_75,RECO_DT_VUT_REF,RECO_DT_VUT_25,RECO_DT_VUT_50,RECO_DT_VUT_75,GPP_DT_VUT_REF,GPP_DT_VUT_25,GPP_DT_VUT_50,GPP_DT_VUT_75
201901010000,201901010030,16.701,0,0.0,0.89,0,392.1,0,2.732,1,101.502,0,0.0,0,0.628,2,-9999,-9999,-9999,0.46,-0.13,0.0,0.8,0.32,391.0,-9999,-9999,10.855,11.853,12.197,12.249,12.406,-9999,12.952,-9999,14.014,3,3,3,3,3,-9999,3,-9999,3,-9999,-9999,-9999,-9999,-9999,-9999,-9999,-9999,-9999,-9999,-9999,-9999,-9999,-9999,-9999,-9999,-9.76733,3.0,0.2652,3,0.394451,-9999,-9999,-9999,-11.8603,3,-17.6349,-9999,-9999,-9999,1,1.98656,3,-9999,1.90213,1.98127,2.0031,3,3,3,1.44478,1.44978,1.46533,1.48065,-0.535579,-0.536491,-0.498266,-0.426948,2.82478,1.28016,2.81542,2.85691,0.00185246,0.00399846,0.00412339,0.00423596
201901010030,201901010100,16.498,0,0.0,1.045,0,391.5,0,2.728,1,101.577,0,0.0,0,0.789,2,-9999,-9999,-9999,0.57,-0.16,-0.03,0.9,0.32,390.4,-9999,-9999,10.845,11.848,12.193,12.245,12.402,-9999,12.948,-9999,14.011,3,3,3,3,3,-9999,3,-9999,3,-9999,-9999,-9999,-9999,-9999,-9999,-9999,-9999,-9999,-9999,-9999,-9999,-9999,-9999,-9999,-9999,-9.85309,3.0,0.2652,3,0.394558,-9999,-9999,-9999,-11.8603,3,-17.6397,-9999,-9999,-9999,1,1.98656,3,-9999,1.90213,1.98127,2.0031,3,3,3,1.43624,1.44113,1.45637,1.47135,-0.544246,-0.545028,-0.507723,-0.436126,2.77158,1.2559,2.76238,2.80322,0.00217505,0.00469467,0.00484133,0.00497346
201901010100,201901010130,16.345,0,0.0,1.125,0,390.6,0,2.723,1,101.572,0,0.0,0,0.95,2,-9999,-9999,-9999,0.07,-0.17,-0.04,0.9,0.68,389.9,-9999,-9999,10.835,11.843,12.189,12.242,12.399,-9999,12.945,-9999,14.008,3,3,3,3,3,-9999,3,-9999,3,-9999,-9999,-9999,-9999,-9999,-9999,-9999,-9999,-9999,-9999,-9999,-9999,-9999,-9999,-9999,-9999,-9.94027,3.0,0.2652,3,0.39467,-9999,-9999,-9999,-11.8603,3,-17.6439,-9999,-9999,-9999,1,1.98656,3,-9999,1.90213,1.98127,2.0031,3,3,3,1.4298,1.43462,1.4496,1.46435,-0.550781,-0.551466,-0.51485,-0.443044,2.73192,1.23782,2.72284,2.7632,0.00234155,0.00505398,0.00521186,0.00535408
201901010130,201901010200,16.268,0,0.0,1.08,0,390.2,0,2.718,1,101.553,0,0.0,0,1.301,2,-9999,-9999,-9999,0.22,-0.16,-0.05,0.8,0.44,389.5,-9999,-9999,10.824,11.838,12.185,12.239,12.396,-9999,12.942,-9999,14.004,3,3,3,3,3,-9999,3,-9999,3,-9999,-9999,-9999,-9999,-9999,-9999,-9999,-9999,-9999,-9999,-9999,-9999,-9999,-9999,-9999,-9999,-9.94027,3.0,0.2652,3,0.394704,-9999,-9999,-9999,-11.8603,3,-17.6457,-9999,-9999,-9999,1,1.98656,3,-9999,1.90213,1.98127,2.0031,3,3,3,1.42656,1.43134,1.4462,1.46082,-0.554071,-0.554707,-0.518437,-0.446526,2.71211,1.22878,2.70308,2.7432,0.00224789,0.00485187,0.00500344,0.00513998
201901010200,201901010230,16.175,0,0.0,0.98,0,389.4,0,2.71,1,101.579,0,0.0,0,1.653,2,-9999,-9999,-9999,-0.2,-0.14,-0.04,0.9,0.46,388.9,-9999,-9999,10.814,11.833,12.182,12.235,12.393,-9999,12.939,-9999,14.001,3,3,3,3,3,-9999,3,-9999,3,-9999,-9999,-9999,-9999,-9999,-9999,-9999,-9999,-9999,-9999,-9999,-9999,-9999,-9999,-9999,-9999,-9.94027,3.0,0.2652,3,0.394743,-9999,-9999,-9999,-11.8603,3,-17.649,-9999,-9999,-9999,1,1.98656,3,-9999,1.90213,1.98127,2.0031,3,3,3,1.42265,1.42737,1.44209,1.45656,-0.558045,-0.558622,-0.52277,-0.450732,2.6883,1.21793,2.67935,2.71918,0.00203977,0.00440272,0.00454027,0.00466419
201901010230,201901010300,16.11,0,0.0,0.79,0,388.9,0,2.7,1,101.588,0,0.0,0,1.877,2,-9999,-9999,-9999,-1.52,-0.13,-0.02,1.0,1.0,388.6,-9999,-9999,10.804,11.828,12.178,12.232,12.39,-9999,12.936,-9999,13.998,3,3,3,3,3,-9999,3,-9999,3,-9999,-9999,-9999,-9999,-9999,-9999,-9999,-9999,-9999,-9999,-9999,-9999,-9999,-9999,-9999,-9999,-10.0308,3.0,0.2652,3,0.394734,-9999,-9999,-9999,-11.8603,3,-17.6487,-9999,-9999,-9999,1,1.98656,3,-9999,1.90213,1.98127,2.0031,3,3,3,1.41991,1.4246,1.43922,1.45359,-0.560823,-0.561359,-0.525798,-0.453672,2.67174,1.21038,2.66284,2.70247,0.00164433,0.00354927,0.00366018,0.00376012
201901010300,201901010330,15.909,0,0.0,0.755,0,387.8,0,0.0,0,101.578,0,0.0,0,2.102,2,-9999,-9999,101.35,-1.86,-0.18,-0.08,0.8,1.07,387.8,-9999,-9999,12.521,12.31,12.289,12.246,12.349,-9999,12.945,-9999,13.99,2,2,2,2,2,-9999,2,-9999,2,-9999,-9999,-9999,-9999,-9999,-9999,-9999,-9999,-9999,-9999,-9999,-9999,-9999,-9999,-9999,-9999,7.87695,2.0,-4.951,3,-7.36896,-9999,-9999,-9999,-9.98087,3,-14.8514,-9999,-9999,-9999,1,2.11618,3,-9999,2.11618,2.11618,2.11618,3,3,3,1.41144,1.41604,1.43033,1.44438,-0.699037,-0.704736,-0.699037,-0.683349,2.62097,1.18724,2.61222,2.65123,0.00157148,0.00339205,0.00349805,0.00359357
201901010330,201901010400,15.657,0,0.0,0.69,0,386.6,0,2.672,1,101.586,0,0.0,0,2.117,2,-9999,-9999,-9999,-2.18,-0.19,-0.11,1.0,1.06,386.8,-9999,-9999,10.783,11.818,12.17,12.225,12.383,-9999,12.929,-9999,13.992,3,3,3,3,3,-9999,3,-9999,3,-9999,-9999,-9999,-9999,-9999,-9999,-9999,-9999,-9999,-9999,-9999,-9999,-9999,-9999,-9999,-9999,-10.2121,3.0,0.2652,3,0.394629,-9999,-9999,-9999,-11.8603,3,-17.6446,-9999,-9999,-9999,1,1.98656,3,-9999,1.90213,1.98127,2.0031,3,3,3,1.40082,1.40529,1.41918,1.43284,-0.580195,-0.580446,-0.546905,-0.474166,2.55823,1.15864,2.54967,2.5879,0.00143619,0.00310006,0.00319694,0.00328425
201901010400,201901010430,15.431,0,0.0,0.66,0,385.6,0,2.658,1,101.605,0,0.0,0,2.132,2,-9999,-9999,-9999,-2.04,-0.2,-0.12,0.8,0.86,385.9,-9999,-9999,10.773,11.813,12.167,12.221,12.38,-9999,12.926,-9999,13.989,3,3,3,3,3,-9999,3,-9999,3,-9999,-9999,-9999,-9999,-9999,-9999,-9999,-9999,-9999,-9999,-9999,-9999,-9999,-9999,-9999,-9999,-10.3025,3.0,0.2652,3,0.394645,-9999,-9999,-9999,-11.8603,3,-17.6448,-9999,-9999,-9999,1,1.98656,3,-9999,1.90213,1.98127,2.0031,3,3,3,1.39129,1.39564,1.40918,1.42248,-0.589867,-0.589976,-0.557435,-0.484393,2.50282,1.13338,2.49442,2.53196,0.00137375,0.0029653,0.00305797,0.00314148
201901010430,201901010500,15.339,0,0.0,0.96,0,385.3,0,2.643,1,101.627,0,0.0,0,2.155,2,-9999,-9999,-9999,-1.24,-0.2,-0.15,0.8,0.56,385.7,-9999,-9999,10.763,11.808,12.163,12.218,12.377,-9999,12.923,-9999,13.986,3,3,3,3,3,-9999,3,-9999,3,-9999,-9999,-9999,-9999,-9999,-9999,-9999,-9999,-9999,-9999,-9999,-9999,-9999,-9999,-9999,-9999,-10.393,3.0,0.2652,3,0.394645,-9999,-9999,-9999,-11.8603,3,-17.6448,-9999,-9999,-9999,1,1.98656,3,-9999,1.90213,1.98127,2.0031,3,3,3,1.38741,1.39172,1.40511,1.41827,-0.593805,-0.593857,-0.561722,-0.488556,2.48049,1.12321,2.47216,2.50943,0.00199815,0.00431288,0.00444763,0.00456903
201901010500,201901010530,15.248,0,0.0,1.06,0,384.9,0,2.629,1,101.66,0,0.0,0,2.177,2,-9999,-9999,-9999,-1.18,-0.18,-0.14,0.9,0.5,385.4,-9999,-9999,10.753,11.803,12.159,12.214,12.373,-9999,12.919,-9999,13.983,3,3,3,3,3,-9999,3,-9999,3,-9999,-9999,-9999,-9999,-9999,-9999,-9999,-9999,-9999,-9999,-9999,-9999,-9999,-9999,-9999,-9999,-10.393,3.0,0.2652,3,0.394653,-9999,-9999,-9999,-11.8603,3,-17.6448,-9999,-9999,-9999,1,1.98656,3,-9999,1.90213,1.98127,2.0031,3,3,3,1.38357,1.38783,1.40108,1.4141,-0.597701,-0.597701,-0.565962,-0.492675,2.45854,1.11321,2.45027,2.48727,0.00220627,0.00476204,0.00491081,0.00504483
201901010530,201901010600,15.133,0,0.0,1.005,0,384.4,0,2.619,1,101.703,0,0.0,0,1.942,2,-9999,-9999,-9999,-1.19,-0.19,-0.16,0.8,0.4,385.0,-9999,-9999,10.743,11.798,12.155,12.211,12.37,-9999,12.916,-9999,13.98,3,3,3,3,3,-9999,3,-9999,3,-9999,-9999,-9999,-9999,-9999,-9999,-9999,-9999,-9999,-9999,-9999,-9999,-9999,-9999,-9999,-9999,-10.4811,3.0,0.2652,3,0.394658,-9999,-9999,-9999,-11.8603,3,-17.6448,-9999,-9999,-9999,1,1.98656,3,-9999,1.90213,1.98127,2.0031,3,3,3,1.37872,1.38292,1.39599,1.40883,-0.602626,-0.602626,-0.57132,-0.49788,2.43098,1.10065,2.42279,2.45945,0.0020918,0.00451501,0.00465606,0.00478314
201901010600,201901010630,15.03,0,0.0,1.075,0,384.0,0,2.61,1,101.741,0,0.0,0,1.706,2,-9999,-9999,-9999,-1.23,-0.18,-0.16,0.9,0.38,384.7,-9999,-9999,10.732,11.793,12.151,12.207,12.367,-9999,12.913,-9999,13.977,3,3,3,3,3,-9999,3,-9999,3,-9999,-9999,-9999,-9999,-9999,-9999,-9999,-9999,-9999,-9999,-9999,-9999,-9999,-9999,-9999,-9999,-10.5679,3.0,0.2652,3,0.394658,-9999,-9999,-9999,-11.8603,3,-17.6448,-9999,-9999,-9999,1,1.98656,3,-9999,1.90213,1.98127,2.0031,3,3,3,1.37437,1.37852,1.39143,1.40411,-0.607037,-0.607037,-0.576119,-0.502542,2.40647,1.08948,2.39836,2.43471,0.00223749,0.00482941,0.00498028,0.00511619
201901010630,201901010700,14.877,0,0.449794,1.345,0,383.2,0,2.602,1,101.765,0,0.0,0,1.794,2,-9999,-9999,-9999,-1.26,0.43,-0.13,1.1,0.55,384.1,-9999,-9999,10.723,11.788,12.147,12.204,12.363,-9999,12.91,-9999,13.974,3,3,3,3,3,-9999,3,-9999,3,-9999,-9999,-9999,-9999,-9999,-9999,-9999,-9999,-9999,-9999,-9999,-9999,-9999,-9999,-9999,-9999,-10.6521,3.0,0.2652,3,0.394653,-9999,-9999,-9999,-11.8603,3,-17.6459,-9999,-9999,-9999,0,1.98656,3,-9999,1.90213,1.98127,2.0031,3,3,3,1.36791,1.37198,1.38465,1.3971,-0.613592,-0.613592,-0.583248,-0.509468,2.37037,1.07304,2.36237,2.39827,0.00279941,0.00604203,0.00623073,0.00640069
201901010700,201901010730,14.724,0,79.7576,5.515,0,382.3,0,2.631,1,101.83,0,0.0,0,1.881,2,-9999,-9999,-9999,2.77,10.09,0.41,4.8,0.96,383.5,-9999,-9999,10.713,11.783,12.144,12.201,12.361,-9999,12.907,-9999,13.972,3,3,3,3,3,-9999,3,-9999,3,-9999,-9999,-9999,-9999,-9999,-9999,-9999,-9999,-9999,-9999,-9999,-9999,-9999,-9999,-9999,-9999,-10.7322,3.0,0.2652,3,0.394648,-9999,-9999,-9999,-11.8603,3,-17.6469,-9999,-9999,-9999,0,1.98656,3,-9999,1.90213,1.98127,2.0031,3,3,3,1.36145,1.36545,1.37788,1.39009,-0.620148,-0.620148,-0.590375,-0.516394,2.33464,1.05676,2.32674,2.36219,0.0114753,0.0247524,0.0255226,0.0262137
201901010730,201901010800,14.573,0,211.8,14.885,0,382.0,0,2.691,1,101.842,0,0.0,0,1.925,2,-9999,-9999,-9999,12.55,31.32,1.68,13.3,1.42,383.2,-9999,-9999,10.721,11.782,12.139,12.196,12.355,-9999,12.902,-9999,13.967,3,3,3,3,3,-9999,3,-9999,3,-9999,-9999,-9999,-9999,-9999,-9999,-9999,-9999,-9999,-9999,-9999,-9999,-9999,-9999,-9999,-9999,-10.6822,3.0,0.280689,3,0.417691,-9999,-9999,-9999,-11.6476,3,-17.3314,-9999,-9999,-9999,0,1.98656,3,-9999,1.92457,1.98656,2.00566,3,3,3,1.35507,1.35899,1.37119,1.38317,-0.626619,-0.650589,-0.59741,-0.52323,2.29973,1.04086,2.29194,2.32695,0.0309514,0.0666729,0.0687298,0.0705601
201901010800,201901010830,14.476,0,335.085,54.765,0,381.9,0,3.331,1,101.877,0,0.0,0,1.969,2,-9999,-9999,-9999,52.19,116.63,6.47,51.0,4.44,383.1,-9999,-9999,11.776,12.113,12.214,12.236,12.371,-9999,12.92,-9999,13.981,3,3,3,3,3,-9999,3,-9999,3,-9999,-9999,-9999,-9999,-9999,-9999,-9999,-9999,-9999,-9999,-9999,-9999,-9999,-9999,-9999,-9999,1.27926,3.0,4.95431,3,7.37248,-9999,-9999,-9999,-3.5098,3,-5.22282,-9999,-9999,-9999,0,3.19661,3,-9999,3.17664,3.19661,3.54996,3,3,3,1.35097,1.35485,1.3669,1.37873,-1.84083,-2.16533,-1.84705,-1.82567,2.27749,1.03073,2.26976,2.30449,0.113559,0.243228,0.250462,0.256662
201901010830,201901010900,14.499,0,447.502,92.07,0,382.6,0,0.424,0,101.908,0,0.0,0,1.734,2,-9999,-9999,97.43,89.58,199.1,11.29,85.9,7.16,383.7,-9999,-9999,12.839,12.499,12.327,12.262,12.364,-9999,12.942,-9999,13.989,2,2,2,2,2,-9999,2,-9999,2,-9999,-9999,-9999,-9999,-9999,-9999,-9999,-9999,-9999,-9999,-9999,-9999,-9999,-9999,-9999,-9999,8.8285,2.0,4.16933,3,6.20436,-9999,-9999,-9999,15.3933,3,22.9076,-9999,-9999,-9999,0,1.93967,3,-9999,1.93967,1.93967,2.0895,3,3,3,1.35194,1.35583,1.36791,1.37978,-0.582902,-0.703797,-0.583841,-0.569639,2.28275,1.03312,2.27501,2.3098,0.190418,0.405699,0.417352,0.426967
201901010900,201901010930,14.629,0,547.127,113.175,0,383.4,0,1.076,0,101.969,0,0.0,0,1.498,2,-9999,-9999,93.54,110.81,251.45,14.39,105.4,8.84,384.6,-9999,-9999,12.948,12.496,12.306,12.257,12.368,-9999,12.939,-9999,13.989,2,2,2,2,2,-9999,2,-9999,2,-9999,-9999,-9999,-9999,-9999,-9999,-9999,-9999,-9999,-9999,-9999,-9999,-9999,-9999,-9999,-9999,17.522,2.0,9.417,3,14.0177,-9999,-9999,-9999,41.2877,3,61.4604,-9999,-9999,-9999,0,2.27225,3,-9999,2.27225,2.27225,2.27225,3,3,3,1.35744,1.36139,1.37367,1.38574,-0.909909,-0.914813,-0.909244,-0.886923,2.31264,1.04674,2.3048,2.33998,0.233723,0.496491,0.51047,0.521742
201901010930,201901011000,14.534,0,632.257,73.03,0,382.6,0,1.061,0,101.982,0,0.0,0,1.316,2,-9999,-9999,93.59,72.06,172.62,9.77,66.0,5.8,384.0,-9999,-9999,13.229,12.655,12.343,12.258,12.346,-9999,12.959,-9999,13.996,2,2,2,2,2,-9999,2,-9999,2,-9999,-9999,-9999,-9999,-9999,-9999,-9999,-9999,-9999,-9999,-9999,-9999,-9999,-9999,-9999,-9999,16.062,2.0,4.56509,3,6.79659,-9999,-9999,-9999,7.19789,3,10.7165,-9999,-9999,-9999,0,1.57568,3,-9999,1.57568,1.8059,2.04713,3,3,3,1.35342,1.35733,1.36946,1.38139,-0.217412,-0.665743,-0.446974,-0.218355,2.29077,1.03678,2.283,2.3179,0.15124,0.323096,0.332544,0.340494
201901011000,201901011030,14.367,0,701.435,111.975,0,382.0,0,1.105,0,101.958,0,0.0,0,1.134,2,-9999,-9999,93.25,110.09,255.34,14.6,102.9,8.76,383.9,-9999,-9999,12.724,12.388,12.276,12.245,12.367,-9999,12.935,-9999,13.991,2,2,2,2,2,-9999,2,-9999,2,-9999,-9999,-9999,-9999,-9999,-9999,-9999,-9999,-9999,-9999,-9999,-9999,-9999,-9999,-9999,-9999,12.5353,2.0,12.051,3,17.9466,-9999,-9999,-9999,31.0107,3,46.1818,-9999,-9999,-9999,0,2.27225,3,-9999,2.27225,2.27225,2.27225,3,3,3,1.34637,1.35019,1.36207,1.37374,-0.921141,-0.925885,-0.920497,-0.898913,2.25267,1.01942,2.24502,2.27943,0.231264,0.491351,0.5052,0.516383
201901011030,201901011100,14.451,0,753.477,174.06,0,382.7,0,1.352,0,101.961,0,0.0,0,1.069,2,-9999,-9999,91.79,169.61,381.34,21.95,162.2,13.61,384.7,-9999,-9999,12.525,12.294,12.259,12.246,12.375,-9999,12.924,-9999,13.988,2,2,2,2,2,-9999,2,-9999,2,-9999,-9999,-9999,-9999,-9999,-9999,-9999,-9999,-9999,-9999,-9999,-9999,-9999,-9999,-9999,-9999,11.1286,2.0,34.6337,3,51.5803,-9999,-9999,-9999,58.2673,3,86.7781,-9999,-9999,-9999,0,6.94598,3,-9999,6.94598,6.94598,6.94598,3,3,3,1.34992,1.35378,1.36579,1.37758,-5.59127,-5.5922,-5.58019,-5.5684,2.27178,1.02813,2.26407,2.29873,0.357943,0.753969,0.773985,0.78899
201901011100,201901011130,14.79,0,787.493,172.245,0,385.6,0,1.779,0,101.937,0,0.0,0,1.003,2,-9999,-9999,89.43,167.81,377.54,22.19,161.1,12.88,386.6,-9999,-9999,13.067,12.513,12.31,12.264,12.387,-9999,12.927,-9999,13.985,2,2,2,2,2,-9999,2,-9999,2,-9999,-9999,-9999,-9999,-9999,-9999,-9999,-9999,-9999,-9999,-9999,-9999,-9999,-9999,-9999,-9999,17.1783,2.0,40.0117,3,59.5823,-9999,-9999,-9999,52.5252,3,78.2163,-9999,-9999,-9999,0,5.79346,3,-9999,5.79346,5.79346,5.79346,3,3,3,1.36424,1.36827,1.3808,1.39312,-4.42422,-4.42519,-4.41266,-4.40034,2.35001,1.06376,2.34207,2.37771,0.354255,0.746388,0.766237,0.781153
201901011130,201901011200,14.663,0,802.9,134.195,0,383.5,0,1.647,0,101.897,0,0.0,0,1.161,2,-9999,-9999,90.13,131.11,298.96,17.76,124.1,10.78,385.7,-9999,-9999,12.697,12.284,12.211,12.219,12.361,-9999,12.931,-9999,13.996,2,2,2,2,2,-9999,2,-9999,2,-9999,-9999,-9999,-9999,-9999,-9999,-9999,-9999,-9999,-9999,-9999,-9999,-9999,-9999,-9999,-9999,15.8215,2.0,30.6235,3,45.5802,-9999,-9999,-9999,41.153,3,61.2524,-9999,-9999,-9999,0,3.15357,3,-9999,3.15357,3.15357,3.47813,3,3,3,1.35887,1.36284,1.37518,1.3873,-1.78977,-1.96667,-1.79073,-1.77623,2.32049,1.05031,2.31264,2.34791,0.276728,0.586123,0.602297,0.61503
201901011200,201901011230,14.837,0,799.435,253.405,0,385.5,0,1.907,0,101.862,0,0.0,0,1.319,2,-9999,-9999,88.7,245.88,542.07,32.31,239.1,19.93,387.4,-9999,-9999,11.997,11.363,10.957,10.893,10.951,-9999,11.555,-9999,12.703,3,3,3,3,3,-9999,3,-9999,3,-9999,-9999,-9999,-9999,-9999,-9999,-9999,-9999,-9999,-9999,-9999,-9999,-9999,-9999,-9999,-9999,7.28883,3.0,21.715,3,32.3102,-9999,-9999,-9999,67.319,3,100.165,-9999,-9999,-9999,0,4.6568,3,-9999,4.6568,4.6568,4.6568,3,3,3,1.36622,1.37028,1.38288,1.39527,-3.28555,-3.28652,-3.27392,-3.26153,2.361,1.06877,2.35302,2.3888,0.518262,1.07993,1.09064,1.1204
201901011230,201901011300,15.454,0,777.157,409.56,0,390.9,0,2.591,0,101.86,0,0.0,0,1.416,2,-9999,-9999,85.25,391.77,849.62,52.26,370.8,31.95,391.8,-9999,-9999,12.899,12.28,12.211,12.229,12.376,-9999,12.918,-9999,13.993,2,2,2,2,2,-9999,2,-9999,2,-9999,-9999,-9999,-9999,-9999,-9999,-9999,-9999,-9999,-9999,-9999,-9999,-9999,-9999,-9999,-9999,17.5678,2.0,16.513,3,24.5598,-9999,-9999,-9999,147.561,3,219.467,-9999,-9999,-9999,0,-0.0883333,3,-9999,-0.0883333,-0.0883333,-0.0883333,3,3,3,1.39226,1.39662,1.4102,1.42354,1.48601,1.48496,1.49853,1.51187,2.50842,1.13594,2.5,2.53762,0.82871,1.13003,1.6988,1.74339
201901011300,201901011330,15.752,0,736.448,312.39,0,389.5,0,3.031,0,101.847,0,0.0,0,1.513,2,-9999,-9999,83.07,297.21,651.71,40.01,285.0,24.37,392.5,-9999,-9999,12.18,11.473,11.113,11.042,11.132,-9999,11.717,-9999,12.86,3,3,3,3,3,-9999,3,-9999,3,-9999,-9999,-9999,-9999,-9999,-9999,-9999,-9999,-9999,-9999,-9999,-9999,-9999,-9999,-9999,-9999,19.6919,3.0,39.6248,3,58.9154,-9999,-9999,-9999,98.9488,3,147.12,-9999,-9999,-9999,0,4.67338,3,-9999,4.67338,4.67338,4.67338,3,3,3,1.40483,1.40934,1.42338,1.43719,-3.26295,-3.26404,-3.25,-3.23619,2.58177,1.16936,2.57313,2.61165,0.636311,1.11246,1.32254,1.36115
201901011330,201901011400,15.844,0,678.003,184.985,0,387.3,0,3.029,0,101.84,0,0.0,0,1.541,2,-9999,-9999,83.18,175.12,388.28,23.46,174.8,15.15,391.2,-9999,-9999,13.367,12.69,12.375,12.291,12.396,-9999,12.928,-9999,13.981,2,2,2,2,2,-9999,2,-9999,2,-9999,-9999,-9999,-9999,-9999,-9999,-9999,-9999,-9999,-9999,-9999,-9999,-9999,-9999,-9999,-9999,19.9377,2.0,45.9103,3,68.27,-9999,-9999,-9999,52.5375,3,78.1249,-9999,-9999,-9999,0,5.83357,3,-9999,5.83357,5.83357,5.83357,3,3,3,1.40871,1.41326,1.42745,1.4414,-4.41921,-4.42031,-4.40612,-4.39217,2.60469,1.17982,2.59599,2.63479,0.380122,0.799485,0.820482,0.836
201901011400,201901011430,16.01,0,602.824,204.505,0,386.4,0,3.371,0,101.836,0,0.0,0,1.568,2,-9999,-9999,81.48,190.14,416.63,25.43,193.4,17.07,391.6,-9999,-9999,13.367,12.69,12.375,12.291,12.396,-9999,12.928,-9999,13.981,2,2,2,2,2,-9999,2,-9999,2,-9999,-9999,-9999,-9999,-9999,-9999,-9999,-9999,-9999,-9999,-9999,-9999,-9999,-9999,-9999,-9999,19.9377,2.0,52.7513,3,78.4457,-9999,-9999,-9999,52.8809,3,78.6384,-9999,-9999,-9999,0,5.83357,3,-9999,5.83357,5.83357,5.83357,3,3,3,1.4157,1.42034,1.43479,1.44901,-4.41211,-4.41323,-4.39878,-4.38456,2.6464,1.19883,2.63758,2.67689,0.419666,0.880301,0.902977,0.919297
201901011430,201901011500,16.233,0,512.196,137.505,0,386.2,0,3.64,0,101.845,0,0.0,0,1.549,2,-9999,-9999,80.28,126.06,285.6,17.37,131.0,11.55,391.7,-9999,-9999,13.182,12.494,12.268,12.243,12.386,-9999,12.929,-9999,13.991,2,2,2,2,2,-9999,2,-9999,2,-9999,-9999,-9999,-9999,-9999,-9999,-9999,-9999,-9999,-9999,-9999,-9999,-9999,-9999,-9999,-9999,20.6675,2.0,37.3977,3,55.6124,-9999,-9999,-9999,44.3495,3,65.9505,-9999,-9999,-9999,0,5.04686,3,-9999,5.04686,5.04686,5.04686,3,3,3,1.42509,1.42985,1.44465,1.45922,-3.61587,-3.61701,-3.60221,-3.58764,2.70313,1.22469,2.69414,2.73414,0.283488,0.600165,0.616674,0.62962
201901011500,201901011530,16.306,0,407.67,120.59,0,383.9,0,3.759,0,101.883,0,0.0,0,1.531,2,-9999,-9999,79.73,106.3,245.13,14.89,117.0,9.88,391.6,-9999,-9999,13.282,12.676,12.363,12.275,12.373,-9999,12.947,-9999,13.987,2,2,2,2,2,-9999,2,-9999,2,-9999,-9999,-9999,-9999,-9999,-9999,-9999,-9999,-9999,-9999,-9999,-9999,-9999,-9999,-9999,-9999,17.522,2.0,19.2937,3,28.6902,-9999,-9999,-9999,42.4788,3,63.1672,-9999,-9999,-9999,0,5.1775,3,-9999,5.1775,5.1775,5.1775,3,3,3,1.42816,1.43296,1.44788,1.46256,-3.74339,-3.74454,-3.72962,-3.71494,2.72187,1.23324,2.71282,2.75306,0.248908,0.5282,0.542966,0.554775
201901011530,201901011600,16.235,0,291.034,56.79,0,376.6,0,3.528,0,101.91,0,0.0,0,1.494,2,-9999,-9999,80.89,39.14,115.67,7.03,54.8,5.24,390.4,-9999,-9999,13.205,12.638,12.367,12.296,12.371,-9999,12.943,-9999,13.976,2,2,2,2,2,-9999,2,-9999,2,-9999,-9999,-9999,-9999,-9999,-9999,-9999,-9999,-9999,-9999,-9999,-9999,-9999,-9999,-9999,-9999,14.6958,2.0,5.1374,3,7.63997,-9999,-9999,-9999,7.0488,3,10.4818,-9999,-9999,-9999,0,2.44167,3,-9999,2.5705,2.5705,2.8425,3,3,3,1.42517,1.42993,1.44474,1.45931,-1.01059,-1.38319,-1.13953,-1.12316,2.70364,1.22492,2.69465,2.73466,0.117742,0.252113,0.259597,0.265999
201901011600,201901011630,15.999,0,164.285,25.605,0,369.4,0,2.93,0,101.93,0,0.0,0,1.457,2,-9999,-9999,83.89,3.27,51.76,3.19,24.7,2.74,388.9,-9999,-9999,12.803,12.444,12.319,12.269,12.365,-9999,12.94,-9999,13.979,2,2,2,2,2,-9999,2,-9999,2,-9999,-9999,-9999,-9999,-9999,-9999,-9999,-9999,-9999,-9999,-9999,-9999,-9999,-9999,-9999,-9999,10.0822,2.0,-2.413,3,-3.58767,-9999,-9999,-9999,-10.5586,3,-15.697,-9999,-9999,-9999,0,2.0553,3,-9999,2.0553,2.0553,2.13727,3,3,3,1.41524,1.41987,1.43431,1.4485,-0.634308,-0.702963,-0.635427,-0.606796,2.64363,1.19756,2.63481,2.67409,0.0532023,0.114427,0.117923,0.121004
201901011630,201901011700,15.605,0,35.2374,4.04,0,357.3,0,2.648,0,101.95,0,0.0,0,1.397,2,-9999,-9999,85.07,-28.06,7.69,0.38,4.1,1.04,386.9,-9999,-9999,12.358,12.221,12.235,12.201,12.31,-9999,12.905,-9999,13.953,2,2,2,2,2,-9999,2,-9999,2,-9999,-9999,-9999,-9999,-9999,-9999,-9999,-9999,-9999,-9999,-9999,-9999,-9999,-9999,-9999,-9999,6.821,2.0,-4.33495,3,-6.44503,-9999,-9999,-9999,-9.18197,3,-13.649,-9999,-9999,-9999,0,2.40892,3,-9999,2.40892,2.40892,2.40892,3,3,3,1.39863,1.40307,1.41688,1.43046,-1.00478,-1.01029,-1.00478,-0.989622,2.54541,1.15279,2.53688,2.57496,0.00840705,0.0181381,0.0187032,0.0192109
201901011700,201901011730,15.223,0,0.0,0.905,0,365.3,0,2.359,0,101.976,0,0.0,0,1.338,2,-9999,-9999,86.37,-21.48,0.11,-0.08,1.0,0.69,385.5,-9999,-9999,12.343,12.232,12.267,12.235,12.341,-9999,12.946,-9999,13.991,2,2,2,2,2,-9999,2,-9999,2,-9999,-9999,-9999,-9999,-9999,-9999,-9999,-9999,-9999,-9999,-9999,-9999,-9999,-9999,-9999,-9999,5.55744,2.0,-3.28288,3,-4.88086,-9999,-9999,-9999,-8.83881,3,-13.1384,-9999,-9999,-9999,1,2.26724,3,-9999,2.26724,2.26724,2.26724,3,3,3,1.38252,1.38676,1.39997,1.41296,-0.879452,-0.884722,-0.879452,-0.847807,2.45253,1.11047,2.44428,2.4812,0.00188368,0.00406584,0.00419287,0.00430733
201901011730,201901011800,14.898,0,0.0,0.88,0,369.0,0,2.115,0,101.983,0,0.0,0,1.284,2,-9999,-9999,87.52,-16.54,-0.22,-0.1,0.9,0.4,384.6,-9999,-9999,12.258,12.176,12.224,12.197,12.309,-9999,12.914,-9999,13.962,2,2,2,2,2,-9999,2,-9999,2,-9999,-9999,-9999,-9999,-9999,-9999,-9999,-9999,-9999,-9999,-9999,-9999,-9999,-9999,-9999,-9999,5.36511,2.0,-2.2142,3,-3.29199,-9999,-9999,-9999,-7.87096,3,-11.6989,-9999,-9999,-9999,1,2.22486,3,-9999,2.22486,2.22486,2.22486,3,3,3,1.3688,1.37288,1.38558,1.39806,-0.850992,-0.856061,-0.850992,-0.820569,2.37531,1.07528,2.36729,2.40325,0.00183164,0.00395355,0.00407707,0.00418838
201901011800,201901011830,14.464,0,0.0,0.48,0,351.0,0,1.875,0,102.01,0,0.0,0,1.23,2,-9999,-9999,88.62,-33.54,-0.23,-0.08,1.1,0.4,382.5,-9999,-9999,12.113,12.113,12.196,12.186,12.31,-9999,12.902,-9999,13.961,2,2,2,2,2,-9999,2,-9999,2,-9999,-9999,-9999,-9999,-9999,-9999,-9999,-9999,-9999,-9999,-9999,-9999,-9999,-9999,-9999,-9999,4.67869,2.0,-2.20331,3,-3.2758,-9999,-9999,-9999,-7.69446,3,-11.437,-9999,-9999,-9999,1,2.22486,3,-9999,2.22486,2.22486,2.22486,3,3,3,1.35046,1.35433,1.36636,1.37818,-0.869592,-0.874395,-0.869592,-0.840787,2.27475,1.02948,2.26703,2.30172,0.000999106,0.00215666,0.00222407,0.00228483
201901011830,201901011900,14.064,0,0.0,0.5,0,354.2,0,1.843,0,102.032,0,0.0,0,1.434,2,-9999,-9999,88.52,-28.57,-0.23,-0.07,1.0,0.37,381.0,-9999,-9999,11.909,12.012,12.15,12.17,12.313,-9999,12.894,-9999,13.965,2,2,2,2,2,-9999,2,-9999,2,-9999,-9999,-9999,-9999,-9999,-9999,-9999,-9999,-9999,-9999,-9999,-9999,-9999,-9999,-9999,-9999,4.2081,2.0,-2.06241,3,-3.06631,-9999,-9999,-9999,-7.004,3,-10.4107,-9999,-9999,-9999,1,2.22486,3,-9999,2.22486,2.22486,2.22486,3,3,3,1.33355,1.33723,1.34864,1.35985,-0.886746,-0.891305,-0.886746,-0.859417,2.18463,0.98844,2.17718,2.21073,0.00104073,0.00224652,0.00231673,0.00238002
201901011900,201901011930,13.704,0,0.0,0.49,0,351.1,0,1.779,0,102.052,0,0.0,0,1.638,2,-9999,-9999,88.66,-30.36,-0.24,-0.08,1.1,0.34,379.6,-9999,-9999,11.85,11.986,12.138,12.164,12.312,-9999,12.892,-9999,13.965,2,2,2,2,2,-9999,2,-9999,2,-9999,-9999,-9999,-9999,-9999,-9999,-9999,-9999,-9999,-9999,-9999,-9999,-9999,-9999,-9999,-9999,3.70509,2.0,-2.76382,3,-4.10915,-9999,-9999,-9999,-6.99352,3,-10.3951,-9999,-9999,-9999,1,2.1857,3,-9999,2.1857,2.1857,2.1857,3,3,3,1.31833,1.32182,1.33269,1.34336,-0.863031,-0.867374,-0.863031,-0.837018,2.1056,0.952462,2.0984,2.13094,0.00101992,0.00220159,0.0022704,0.00233243
201901011930,201901012000,13.482,0,0.0,0.185,0,344.5,0,1.863,0,102.057,0,0.0,0,1.731,2,-9999,-9999,87.95,-36.26,-0.25,-0.11,1.0,0.63,378.2,-9999,-9999,11.818,11.966,12.123,12.152,12.302,-9999,12.881,-9999,13.956,2,2,2,2,2,-9999,2,-9999,2,-9999,-9999,-9999,-9999,-9999,-9999,-9999,-9999,-9999,-9999,-9999,-9999,-9999,-9999,-9999,-9999,3.49075,2.0,-2.76382,3,-4.10888,-9999,-9999,-9999,-6.99352,3,-10.3948,-9999,-9999,-9999,1,2.1857,3,-9999,2.1857,2.1857,2.1857,3,3,3,1.30893,1.31232,1.32286,1.3332,-0.872559,-0.876768,-0.872559,-0.847351,2.05784,0.930724,2.05079,2.08271,0.00038508,0.000831267,0.000857256,0.000880688
201901012000,201901012030,13.252,0,0.0,0.29,0,343.5,0,1.765,0,102.075,0,0.0,0,1.825,2,-9999,-9999,88.41,-36.17,-0.23,-0.07,1.0,0.55,377.2,-9999,-9999,11.805,11.966,12.123,12.15,12.299,-9999,12.876,-9999,13.95,2,2,2,2,2,-9999,2,-9999,2,-9999,-9999,-9999,-9999,-9999,-9999,-9999,-9999,-9999,-9999,-9999,-9999,-9999,-9999,-9999,-9999,3.33738,2.0,-2.76382,3,-4.10888,-9999,-9999,-9999,-6.9956,3,-10.3979,-9999,-9999,-9999,1,2.1857,3,-9999,2.1857,2.1857,2.1857,3,3,3,1.2992,1.30247,1.31267,1.32266,-0.882432,-0.886505,-0.882432,-0.858054,2.00914,0.908559,2.00224,2.03353,0.000603635,0.00130304,0.00134377,0.0013805
201901012030,201901012100,12.864,0,0.0,0.105,0,336.9,0,1.283,0,102.086,0,0.0,0,1.893,2,-9999,-9999,91.36,-41.65,-0.23,-0.05,1.1,0.56,375.7,-9999,-9999,11.791,11.949,12.105,12.132,12.281,-9999,12.858,-9999,13.933,2,2,2,2,2,-9999,2,-9999,2,-9999,-9999,-9999,-9999,-9999,-9999,-9999,-9999,-9999,-9999,-9999,-9999,-9999,-9999,-9999,-9999,3.34545,2.0,-2.73444,3,-4.06504,-9999,-9999,-9999,-7.01986,3,-10.4335,-9999,-9999,-9999,1,1.35282,3,-9999,1.35282,1.35282,1.35282,3,3,3,1.28277,1.28586,1.29547,1.3049,-0.0662113,-0.0700546,-0.0662113,-0.0432218,1.92877,0.871986,1.92211,1.95235,0.00021856,0.000471808,0.00048656,0.000499861
201901012100,201901012130,12.595,0,0.0,0.2,0,338.9,0,1.107,0,102.086,0,0.0,0,1.961,2,-9999,-9999,92.41,-38.39,-0.22,-0.04,1.0,0.59,374.7,-9999,-9999,11.706,11.907,12.085,12.119,12.273,-9999,12.85,-9999,13.927,2,2,2,2,2,-9999,2,-9999,2,-9999,-9999,-9999,-9999,-9999,-9999,-9999,-9999,-9999,-9999,-9999,-9999,-9999,-9999,-9999,-9999,2.86283,2.0,-2.7966,3,-4.15796,-9999,-9999,-9999,-6.51248,3,-9.679,-9999,-9999,-9999,1,1.62638,3,-9999,1.62638,1.62638,1.62638,3,3,3,1.27137,1.27434,1.28355,1.29259,-0.351324,-0.355009,-0.351324,-0.329288,1.87434,0.847227,1.86785,1.89738,0.000416302,0.000898664,0.00092676,0.000952091
201901012130,201901012200,12.488,0,0.0,0.3,0,339.7,0,1.366,0,102.1,0,0.0,0,2.016,2,-9999,-9999,90.57,-36.89,-0.23,-0.03,1.0,0.59,374.2,-9999,-9999,11.696,11.908,12.086,12.118,12.272,-9999,12.847,-9999,13.924,2,2,2,2,2,-9999,2,-9999,2,-9999,-9999,-9999,-9999,-9999,-9999,-9999,-9999,-9999,-9999,-9999,-9999,-9999,-9999,-9999,-9999,2.80647,2.0,-2.57753,3,-3.83261,-9999,-9999,-9999,-5.57376,3,-8.28395,-9999,-9999,-9999,1,1.35282,3,-9999,1.35282,1.35282,1.35282,3,3,3,1.26684,1.26975,1.27881,1.2877,-0.0823596,-0.0859828,-0.0823596,-0.0607012,1.85299,0.837513,1.84656,1.87581,0.000624449,0.00134797,0.00139011,0.00142809
201901012200,201901012230,12.239,0,0.0,0.185,0,335.8,0,1.308,0,102.053,0,0.0,0,2.071,2,-9999,-9999,90.82,-40.26,-0.22,-0.02,1.1,0.53,373.4,-9999,-9999,11.663,11.885,12.066,12.099,12.254,-9999,12.827,-9999,13.905,2,2,2,2,2,-9999,2,-9999,2,-9999,-9999,-9999,-9999,-9999,-9999,-9999,-9999,-9999,-9999,-9999,-9999,-9999,-9999,-9999,-9999,2.55349,2.0,-1.96353,3,-2.92064,-9999,-9999,-9999,-4.84514,3,-7.20152,-9999,-9999,-9999,1,1.16678,3,-9999,1.16678,1.16678,1.16678,3,3,3,1.25629,1.25909,1.26778,1.27631,0.0929858,0.089507,0.0929858,0.11377,1.80394,0.815205,1.79766,1.82626,0.00038508,0.000831267,0.000857256,0.000880688
201901012230,201901012300,11.982,0,0.0,0.015,0,325.6,0,1.167,0,102.014,0,0.0,0,1.985,2,-9999,-9999,91.67,-49.84,-0.21,-0.01,1.1,0.67,372.2,-9999,-9999,11.617,11.866,12.056,12.092,12.249,-9999,12.821,-9999,13.9,2,2,2,2,2,-9999,2,-9999,2,-9999,-9999,-9999,-9999,-9999,-9999,-9999,-9999,-9999,-9999,-9999,-9999,-9999,-9999,-9999,-9999,2.08565,2.0,-1.92133,3,-2.8585,-9999,-9999,-9999,-3.94142,3,-5.85973,-9999,-9999,-9999,1,4.08697,3,-9999,4.08697,4.08697,4.08697,3,3,3,1.2454,1.24808,1.2564,1.26456,-2.83824,-2.84157,-2.83824,-2.81835,1.75425,0.792609,1.74813,1.77607,3.12231e-05,6.74025e-05,6.95101e-05,7.14106e-05
201901012300,201901012330,11.662,0,0.0,0.0,0,311.5,0,0.918,0,102.034,0,0.0,0,1.899,2,-9999,-9999,93.31,-63.23,-0.21,0.01,1.2,0.87,370.5,-9999,-9999,11.576,11.831,12.029,12.069,12.229,-9999,12.802,-9999,13.882,2,2,2,2,2,-9999,2,-9999,2,-9999,-9999,-9999,-9999,-9999,-9999,-9999,-9999,-9999,-9999,-9999,-9999,-9999,-9999,-9999,-9999,1.88322,2.0,-1.30673,3,-1.94447,-9999,-9999,-9999,-2.65447,3,-3.9468,-9999,-9999,-9999,1,5.32883,3,-9999,4.13268,5.32883,5.32883,3,3,3,1.23183,1.23437,1.24223,1.24993,-4.09385,-4.097,-4.09385,-2.89522,1.6937,0.76508,1.68776,1.7149,0.0,0.0,0.0,0.0
201901012330,201901020000,11.343,0,0.0,0.0,0,316.6,0,0.716,0,102.069,0,0.0,0,1.724,2,-9999,-9999,94.67,-56.57,-0.2,0.02,1.1,0.93,369.3,-9999,-9999,11.543,11.824,12.026,12.065,12.225,-9999,12.796,-9999,13.877,2,2,2,2,2,-9999,2,-9999,2,-9999,-9999,-9999,-9999,-9999,-9999,-9999,-9999,-9999,-9999,-9999,-9999,-9999,-9999,-9999,-9999,1.47752,2.0,-0.9195,3,-1.36826,-9999,-9999,-9999,-1.40829,3,-2.09403,-9999,-9999,-9999,1,6.22268,3,-9999,6.22268,6.22268,6.22268,3,3,3,1.21831,1.2207,1.22811,1.23536,-5.0014,-5.00198,-4.99457,-4.98732,1.63478,0.738299,1.62903,1.65537,0.0,0.0,0.0,0.0
201901020000,201901020030,11.146,0,0.0,1.075,0,363.6,0,0.64,0,102.076,0,0.0,0,1.549,2,-9999,-9999,95.17,-7.18,-0.2,0.0,0.9,0.23,370.4,-9999,-9999,11.499,11.805,12.014,12.056,12.218,-9999,12.787,-9999,13.871,2,2,2,2,2,-9999,2,-9999,2,-9999,-9999,-9999,-9999,-9999,-9999,-9999,-9999,-9999,-9999,-9999,-9999,-9999,-9999,-9999,-9999,1.22796,2.0,-0.9195,3,-1.36838,-9999,-9999,-9999,-1.40829,3,-2.09446,-9999,-9999,-9999,1,5.61892,3,-9999,5.61892,5.61892,5.61892,3,3,3,1.20996,1.21226,1.21939,1.22637,-4.4061,-4.40666,-4.39953,-4.39255,1.5991,0.722088,1.59347,1.61933,0.00223749,0.00482941,0.00498028,0.00511619
201901020030,201901020100,11.101,0,0.0,1.12,0,359.6,0,0.595,0,102.079,0,0.0,0,1.558,2,-9999,-9999,95.5,-11.34,-0.2,0.0,1.1,0.18,370.4,-9999,-9999,11.484,11.793,12.002,12.045,12.208,-9999,12.778,-9999,13.862,2,2,2,2,2,-9999,2,-9999,2,-9999,-9999,-9999,-9999,-9999,-9999,-9999,-9999,-9999,-9999,-9999,-9999,-9999,-9999,-9999,-9999,1.22796,2.0,-0.9195,3,-1.36828,-9999,-9999,-9999,-1.246,3,-1.85341,-9999,-9999,-9999,1,4.87031,3,-9999,4.87031,4.87031,4.87031,3,3,3,1.20805,1.21033,1.2174,1.22431,-3.65943,-3.65998,-3.65168,-3.64256,1.59103,0.718419,1.58542,1.61117,0.00233114,0.00503153,0.0051887,0.00533029
201901020100,201901020130,10.994,0,0.0,0.03,0,317.9,0,0.555,0,102.063,0,0.0,0,1.568,2,-9999,-9999,95.77,-54.05,-0.2,0.0,1.3,0.71,368.6,-9999,-9999,11.463,11.778,11.988,12.033,12.196,-9999,12.766,-9999,13.851,2,2,2,2,2,-9999,2,-9999,2,-9999,-9999,-9999,-9999,-9999,-9999,-9999,-9999,-9999,-9999,-9999,-9999,-9999,-9999,-9999,-9999,1.21071,2.0,-0.9195,3,-1.36854,-9999,-9999,-9999,-1.246,3,-1.85367,-9999,-9999,-9999,1,3.95595,3,-9999,3.95595,3.95595,3.95595,3,3,3,1.20352,1.20575,1.21266,1.21943,-2.74966,-2.75325,-2.74966,-2.74208,1.57195,0.709748,1.5664,1.59189,6.24461e-05,0.000134805,0.00013902,0.000142821
201901020130,201901020200,10.713,0,0.0,0.0,0,318.8,0,0.282,0,102.022,0,0.0,0,1.695,2,-9999,-9999,97.81,-52.2,-0.22,-0.04,1.1,0.83,367.5,-9999,-9999,11.447,11.772,11.984,12.026,12.189,-9999,12.756,-9999,13.841,2,2,2,2,2,-9999,2,-9999,2,-9999,-9999,-9999,-9999,-9999,-9999,-9999,-9999,-9999,-9999,-9999,-9999,-9999,-9999,-9999,-9999,0.915324,2.0,-0.446556,3,-0.664611,-9999,-9999,-9999,-0.5365,3,-0.798195,-9999,-9999,-9999,1,4.32104,3,-9999,4.32104,4.32104,4.32104,3,3,3,1.19161,1.19371,1.20023,1.20662,-3.12682,-3.1302,-3.12682,-3.11967,1.52259,0.687322,1.51719,1.54201,0.0,0.0,0.0,0.0
201901020200,201901020230,10.504,0,0.0,0.0,0,315.2,0,0.005,0,101.97,0,0.0,0,1.822,2,-9999,-9999,99.96,-55.07,-0.24,-0.06,1.1,0.98,366.5,-9999,-9999,11.353,11.716,11.943,11.994,12.163,-9999,12.726,-9999,13.816,2,2,2,2,2,-9999,2,-9999,2,-9999,-9999,-9999,-9999,-9999,-9999,-9999,-9999,-9999,-9999,-9999,-9999,-9999,-9999,-9999,-9999,0.668969,2.0,-0.109556,3,-0.163061,-9999,-9999,-9999,-0.240545,3,-0.357932,-9999,-9999,-9999,1,4.92266,3,-9999,4.92266,4.92266,4.92266,3,3,3,1.18275,1.18476,1.19099,1.19709,-3.73741,-3.7379,-3.72578,-3.52398,1.48658,0.670964,1.4813,1.50562,0.0,0.0,0.0,0.0
201901020230,201901020300,10.29,0,0.0,0.18,0,325.5,0,3.16,1,102.001,0,0.0,0,1.563,2,-9999,-9999,-9999,-43.52,-0.2,0.01,1.1,0.78,366.1,-9999,-9999,10.368,12.028,12.537,12.633,12.848,-9999,13.417,-9999,14.49,2,2,2,2,2,-9999,2,-9999,2,-9999,-9999,-9999,-9999,-9999,-9999,-9999,-9999,-9999,-9999,-9999,-9999,-9999,-9999,-9999,-9999,-16.071,2.0,0.6574,3,0.97842,-9999,-9999,-9999,-12.5028,3,-18.6031,-9999,-9999,-9999,1,2.39639,3,-9999,2.33378,2.3736,2.41979,3,3,3,1.17368,1.1756,1.18153,1.18734,-1.22033,-1.22033,-1.19992,-1.14355,1.45032,0.654497,1.44515,1.46898,0.000374673,0.000808801,0.000834088,0.000856887
201901020300,201901020330,10.22,0,0.0,1.13,0,359.5,0,3.178,1,102.001,0,0.0,0,1.305,2,-9999,-9999,-9999,-7.92,-0.2,0.01,0.9,0.28,367.1,-9999,-9999,10.355,12.024,12.534,12.63,12.845,-9999,13.413,-9999,14.487,2,2,2,2,2,-9999,2,-9999,2,-9999,-9999,-9999,-9999,-9999,-9999,-9999,-9999,-9999,-9999,-9999,-9999,-9999,-9999,-9999,-9999,-16.071,2.0,0.6574,3,0.978347,-9999,-9999,-9999,-12.5028,3,-18.6018,-9999,-9999,-9999,1,2.39639,3,-9999,2.33378,2.3736,2.41979,3,3,3,1.17072,1.1726,1.17844,1.18415,-1.22333,-1.22333,-1.20288,-1.14679,1.43859,0.649172,1.43347,1.45713,0.00235196,0.00507644,0.00523502,0.00537787
201901020330,201901020400,10.268,0,0.0,0.375,0,332.6,0,3.192,1,101.922,0,0.0,0,1.19,2,-9999,-9999,-9999,-36.24,-0.24,-0.05,1.1,0.69,366.4,-9999,-9999,10.344,12.018,12.529,12.626,12.842,-9999,13.41,-9999,14.484,2,2,2,2,2,-9999,2,-9999,2,-9999,-9999,-9999,-9999,-9999,-9999,-9999,-9999,-9999,-9999,-9999,-9999,-9999,-9999,-9999,-9999,-16.2379,2.0,0.6574,3,0.978095,-9999,-9999,-9999,-12.5028,3,-18.5976,-9999,-9999,-9999,1,2.39639,3,-9999,2.33378,2.3736,2.41979,3,3,3,1.17275,1.17465,1.18056,1.18634,-1.22127,-1.22127,-1.20085,-1.14457,1.44663,0.65282,1.44147,1.46525,0.000780558,0.00168493,0.0017376,0.00178508
201901020400,201901020430,10.311,0,0.0,0.585,0,338.6,0,3.205,1,101.916,0,0.0,0,1.075,2,-9999,-9999,-9999,-29.91,-0.21,-0.02,1.0,0.78,366.5,-9999,-9999,10.333,12.013,12.526,12.623,12.838,-9999,13.406,-9999,14.481,2,2,2,2,2,-9999,2,-9999,2,-9999,-9999,-9999,-9999,-9999,-9999,-9999,-9999,-9999,-9999,-9999,-9999,-9999,-9999,-9999,-9999,-16.3853,2.0,0.6574,3,0.978124,-9999,-9999,-9999,-12.5028,3,-18.5977,-9999,-9999,-9999,1,2.39639,3,-9999,2.33378,2.3736,2.41979,3,3,3,1.17457,1.1765,1.18246,1.1883,-1.21943,-1.21943,-1.19903,-1.14258,1.45385,0.6561,1.44867,1.47255,0.00121765,0.00262838,0.00271052,0.00278456
201901020430,201901020500,10.354,0,0.0,1.275,0,365.7,0,3.216,1,101.924,0,0.0,0,1.055,2,-9999,-9999,-9999,-2.0,-0.2,-0.01,0.9,0.25,367.7,-9999,-9999,10.322,12.008,12.522,12.619,12.835,-9999,13.403,-9999,14.478,2,2,2,2,2,-9999,2,-9999,2,-9999,-9999,-9999,-9999,-9999,-9999,-9999,-9999,-9999,-9999,-9999,-9999,-9999,-9999,-9999,-9999,-16.5241,2.0,0.6574,3,0.978124,-9999,-9999,-9999,-12.5028,3,-18.5977,-9999,-9999,-9999,1,2.39639,3,-9999,2.33378,2.3736,2.41979,3,3,3,1.17639,1.17834,1.18436,1.19026,-1.21758,-1.21758,-1.19721,-1.14059,1.4611,0.659392,1.4559,1.47987,0.00265373,0.00572766,0.00590656,0.00606769
201901020500,201901020530,10.468,0,0.0,1.33,0,366.3,0,3.226,1,101.921,0,0.0,0,1.035,2,-9999,-9999,-9999,-1.93,-0.23,-0.04,1.1,0.19,368.2,-9999,-9999,10.308,12.003,12.519,12.616,12.831,-9999,13.399,-9999,14.475,2,2,2,2,2,-9999,2,-9999,2,-9999,-9999,-9999,-9999,-9999,-9999,-9999,-9999,-9999,-9999,-9999,-9999,-9999,-9999,-9999,-9999,-16.6776,2.0,0.6574,3,0.978137,-9999,-9999,-9999,-12.5028,3,-18.5977,-9999,-9999,-9999,1,2.39639,3,-9999,2.33378,2.3736,2.41979,3,3,3,1.18122,1.18322,1.1894,1.19545,-1.21269,-1.21269,-1.19238,-1.13532,1.48043,0.668174,1.47517,1.49941,0.00276819,0.00597467,0.00616127,0.00632934
201901020530,201901020600,10.61,0,0.0,1.335,0,368.8,0,0.0,0,101.913,0,0.0,0,1.186,2,-9999,-9999,100.05,0.15,-0.24,-0.07,0.9,0.22,368.8,-9999,-9999,11.31,11.669,11.898,11.951,12.122,-9999,12.687,-9999,13.779,2,2,2,2,2,-9999,2,-9999,2,-9999,-9999,-9999,-9999,-9999,-9999,-9999,-9999,-9999,-9999,-9999,-9999,-9999,-9999,-9999,-9999,0.6115,2.0,-0.303125,3,-0.451022,-9999,-9999,-9999,-0.208444,3,-0.310057,-9999,-9999,-9999,1,4.92266,3,-9999,4.92266,4.92266,4.92266,3,3,3,1.18724,1.1893,1.19568,1.20192,-3.73286,-3.73336,-3.72095,-3.51831,1.50477,0.679226,1.49943,1.524,0.0027786,0.00599712,0.00618442,0.00635312
201901020600,201901020630,10.76,0,0.0,1.43,0,369.9,0,0.087,0,101.964,0,0.0,0,1.336,2,-9999,-9999,99.33,0.62,-0.22,-0.04,1.1,0.14,369.5,-9999,-9999,11.39,11.707,11.92,11.966,12.131,-9999,12.699,-9999,13.787,2,2,2,2,2,-9999,2,-9999,2,-9999,-9999,-9999,-9999,-9999,-9999,-9999,-9999,-9999,-9999,-9999,-9999,-9999,-9999,-9999,-9999,1.00854,2.0,-0.303125,3,-0.451022,-9999,-9999,-9999,-0.208444,3,-0.310057,-9999,-9999,-9999,1,4.32104,3,-9999,4.32104,4.32104,4.32104,3,3,3,1.1936,1.19572,1.20231,1.20876,-3.1248,-3.12822,-3.1248,-3.11758,1.53077,0.691038,1.52535,1.55028,0.00297631,0.00642375,0.00662436,0.00680503
201901020630,201901020700,10.78,0,0.217801,2.205,0,366.0,0,0.109,0,102.008,0,0.0,0,1.329,2,-9999,-9999,99.16,-2.74,1.4,0.12,2.1,0.15,369.5,-9999,-9999,11.39,11.707,11.92,11.966,12.131,-9999,12.699,-9999,13.787,2,2,2,2,2,-9999,2,-9999,2,-9999,-9999,-9999,-9999,-9999,-9999,-9999,-9999,-9999,-9999,-9999,-9999,-9999,-9999,-9999,-9999,1.00854,2.0,-0.303125,3,-0.451016,-9999,-9999,-9999,-0.208444,3,-0.310073,-9999,-9999,-9999,0,4.37865,3,-9999,4.37865,4.37865,4.37865,3,3,3,1.19445,1.19658,1.2032,1.20967,-3.18155,-3.18498,-3.18155,-3.1743,1.53426,0.692624,1.52883,1.5538,0.00458909,0.00990351,0.0102126,0.0104907
201901020700,201901020730,10.684,0,76.4292,6.94,0,362.7,0,0.18,0,102.075,0,0.0,0,1.321,2,-9999,-9999,98.6,-0.89,13.54,0.88,6.4,0.57,369.1,-9999,-9999,11.379,11.71,11.926,11.972,12.138,-9999,12.706,-9999,13.794,2,2,2,2,2,-9999,2,-9999,2,-9999,-9999,-9999,-9999,-9999,-9999,-9999,-9999,-9999,-9999,-9999,-9999,-9999,-9999,-9999,-9999,0.796564,2.0,-0.303125,3,-0.45101,-9999,-9999,-9999,-0.208444,3,-0.310088,-9999,-9999,-9999,0,4.40909,3,-9999,4.40909,4.40909,4.40909,3,3,3,1.19038,1.19247,1.19895,1.20529,-3.21611,-3.21947,-3.21611,-3.20901,1.51756,0.685036,1.51218,1.53693,0.0144389,0.0311386,0.0321062,0.0329734
201901020730,201901020800,10.409,0,208.806,15.5,0,365.0,0,0.0,0,102.091,0,0.0,0,1.42,2,-9999,-9999,100.37,10.78,35.6,2.15,14.4,1.42,368.3,-9999,-9999,11.289,11.658,11.888,11.943,12.115,-9999,12.679,-9999,13.772,2,2,2,2,2,-9999,2,-9999,2,-9999,-9999,-9999,-9999,-9999,-9999,-9999,-9999,-9999,-9999,-9999,-9999,-9999,-9999,-9999,-9999,0.59827,2.0,-0.109556,3,-0.163002,-9999,-9999,-9999,-0.240545,3,-0.357863,-9999,-9999,-9999,0,4.59299,3,-9999,4.59299,4.59299,4.59299,3,3,3,1.17872,1.18069,1.18679,1.19276,-3.41182,-3.4123,-3.40043,-3.19939,1.4704,0.663618,1.46518,1.48927,0.0322289,0.0694185,0.0715589,0.0734624
201901020800,201901020830,10.476,0,332.492,17.405,0,364.8,0,0.0,0,102.128,0,0.0,0,1.519,2,-9999,-9999,100.1,13.16,41.57,2.49,15.3,1.35,368.6,-9999,-9999,11.289,11.658,11.888,11.943,12.115,-9999,12.679,-9999,13.772,2,2,2,2,2,-9999,2,-9999,2,-9999,-9999,-9999,-9999,-9999,-9999,-9999,-9999,-9999,-9999,-9999,-9999,-9999,-9999,-9999,-9999,0.59827,2.0,-0.109556,3,-0.163002,-9999,-9999,-9999,-0.240545,3,-0.357883,-9999,-9999,-9999,0,4.59299,3,-9999,4.59299,4.59299,4.59299,3,3,3,1.18156,1.18356,1.18976,1.19581,-3.40894,-3.40943,-3.39738,-3.19581,1.4818,0.668794,1.47653,1.50079,0.0361851,0.0779185,0.0803168,0.082446
201901020830,201901020900,10.539,0,445.372,22.17,0,361.4,0,0.096,0,102.217,0,0.0,0,1.862,2,-9999,-9999,99.25,14.66,58.11,3.34,19.6,1.88,368.6,-9999,-9999,11.48,11.759,11.965,12.01,12.172,-9999,12.736,-9999,13.823,2,2,2,2,2,-9999,2,-9999,2,-9999,-9999,-9999,-9999,-9999,-9999,-9999,-9999,-9999,-9999,-9999,-9999,-9999,-9999,-9999,-9999,1.6455,2.0,-1.955,3,-2.90874,-9999,-9999,-9999,1.2815,3,1.90671,-9999,-9999,-9999,0,9.62063,3,-9999,9.62063,9.62063,9.62063,3,3,3,1.18423,1.18626,1.19254,1.19868,-8.43388,-8.43437,-8.42809,-8.42195,1.49257,0.673684,1.48727,1.51167,0.0460761,0.0991493,0.102188,0.104874
201901020900,201901020930,10.273,0,545.514,26.21,0,361.0,0,2.136,1,102.232,0,0.998,0,2.205,2,-9999,-9999,-9999,20.04,68.89,3.53,22.8,2.18,367.3,-9999,-9999,10.202,11.962,12.489,12.589,12.804,-9999,13.372,-9999,14.452,2,2,2,2,2,-9999,2,-9999,2,-9999,-9999,-9999,-9999,-9999,-9999,-9999,-9999,-9999,-9999,-9999,-9999,-9999,-9999,-9999,-9999,-18.5061,2.0,0.665094,3,0.989862,-9999,-9999,-9999,-10.98,3,-16.3418,-9999,-9999,-9999,0,3.20521,3,-9999,3.08549,3.20521,3.26372,3,3,3,1.17296,1.17487,1.18078,1.18657,-2.02988,-2.03295,-2.01577,-1.90471,1.44747,0.653201,1.44231,1.46609,0.0544571,0.117116,0.120692,0.123841
201901020930,201901021000,10.104,0,631.204,30.975,0,360.7,0,2.191,1,102.186,0,0.0,0,2.107,2,-9999,-9999,-9999,25.79,80.21,3.85,26.7,2.36,366.8,-9999,-9999,10.202,11.962,12.489,12.589,12.804,-9999,13.372,-9999,14.452,2,2,2,2,2,-9999,2,-9999,2,-9999,-9999,-9999,-9999,-9999,-9999,-9999,-9999,-9999,-9999,-9999,-9999,-9999,-9999,-9999,-9999,-18.5061,2.0,0.725364,3,1.07974,-9999,-9999,-9999,-10.6371,3,-15.834,-9999,-9999,-9999,0,3.1426,3,-9999,3.03196,3.1426,3.26372,3,3,3,1.1658,1.16763,1.17332,1.17887,-1.97452,-2.03713,-1.97452,-1.86616,1.41931,0.640414,1.41424,1.43763,0.064336,0.138267,0.142471,0.146156
201901021000,201901021030,10.059,0,700.976,36.73,0,360.8,0,2.182,1,102.129,0,1.496,0,2.009,2,-9999,-9999,-9999,32.88,99.63,4.87,31.1,2.68,366.7,-9999,-9999,10.202,11.962,12.489,12.589,12.804,-9999,13.372,-9999,14.452,2,2,2,2,2,-9999,2,-9999,2,-9999,-9999,-9999,-9999,-9999,-9999,-9999,-9999,-9999,-9999,-9999,-9999,-9999,-9999,-9999,-9999,-18.5061,2.0,0.725364,3,1.08003,-9999,-9999,-9999,-10.6371,3,-15.8379,-9999,-9999,-9999,0,3.1426,3,-9999,3.03196,3.1426,3.26372,3,3,3,1.16389,1.16571,1.17133,1.17682,-1.97645,-2.03906,-1.97645,-1.86807,1.41187,0.637039,1.40683,1.43012,0.0762586,0.163756,0.168708,0.173026
201901021030,201901021100,10.085,0,753.637,44.5,0,361.2,0,2.345,1,102.097,0,1.496,0,1.879,2,-9999,-9999,-9999,41.38,118.54,5.67,37.8,3.12,367.0,-9999,-9999,10.202,11.962,12.489,12.589,12.804,-9999,13.372,-9999,14.452,2,2,2,2,2,-9999,2,-9999,2,-9999,-9999,-9999,-9999,-9999,-9999,-9999,-9999,-9999,-9999,-9999,-9999,-9999,-9999,-9999,-9999,-18.5061,2.0,1.36811,3,2.03715,-9999,-9999,-9999,-9.35602,3,-13.9312,-9999,-9999,-9999,0,3.09855,3,-9999,2.99858,3.09855,3.20408,3,3,3,1.165,1.16682,1.17248,1.17801,-1.93129,-1.98739,-1.93129,-1.82907,1.41616,0.638987,1.41111,1.43446,0.0923404,0.198069,0.204016,0.209164
201901021100,201901021130,10.114,0,788.286,78.695,0,361.7,0,3.651,1,102.01,0,0.998,0,1.748,2,-9999,-9999,-9999,77.39,200.08,9.36,68.2,5.4,367.5,-9999,-9999,10.428,12.001,12.498,12.596,12.815,-9999,13.385,-9999,14.462,2,2,2,2,2,-9999,2,-9999,2,-9999,-9999,-9999,-9999,-9999,-9999,-9999,-9999,-9999,-9999,-9999,-9999,-9999,-9999,-9999,-9999,-22.6145,2.0,7.2688,3,10.8215,-9999,-9999,-9999,13.6585,3,20.3343,-9999,-9999,-9999,0,1.80915,3,-9999,1.8303,1.92394,2.07791,3,3,3,1.16622,1.16806,1.17376,1.17933,-0.640641,-0.882181,-0.750182,-0.651162,1.42096,0.641166,1.41589,1.43931,0.162908,0.347743,0.357857,0.36632
201901021130,201901021200,10.242,0,804.329,100.15,0,362.8,0,3.805,1,101.907,0,0.0,0,1.76,2,-9999,-9999,-9999,99.58,247.05,11.36,88.1,6.72,368.2,-9999,-9999,10.458,12.008,12.5,12.597,12.816,-9999,13.383,-9999,14.46,2,2,2,2,2,-9999,2,-9999,2,-9999,-9999,-9999,-9999,-9999,-9999,-9999,-9999,-9999,-9999,-9999,-9999,-9999,-9999,-9999,-9999,0.374091,3.0,11.1915,3,16.6528,-9999,-9999,-9999,22.4536,3,33.4107,-9999,-9999,-9999,0,2.51489,3,-9999,2.51489,2.51489,2.62425,3,3,3,1.17165,1.17354,1.17941,1.18515,-1.34089,-1.43929,-1.34324,-1.34056,1.44227,0.650842,1.43713,1.46084,0.207012,0.440554,0.453112,0.463384
201901021200,201901021230,10.656,0,801.492,158.785,0,365.3,0,4.151,1,101.795,0,0.0,0,1.773,2,-9999,-9999,-9999,158.59,371.2,17.17,143.0,10.58,370.2,-9999,-9999,11.208,11.742,11.966,12.02,12.188,-9999,12.728,-9999,13.807,3,3,3,3,3,-9999,3,-9999,3,-9999,-9999,-9999,-9999,-9999,-9999,-9999,-9999,-9999,-9999,-9999,-9999,-9999,-9999,-9999,-9999,-0.38025,3.0,29.2911,3,43.5701,-9999,-9999,-9999,37.3559,3,55.5665,-9999,-9999,-9999,0,4.21108,3,-9999,4.21108,4.21108,4.21108,3,3,3,1.18919,1.19127,1.19771,1.20402,-3.0193,-3.02189,-3.0193,-3.00706,1.51271,0.682834,1.50735,1.53203,0.326877,0.689984,0.708576,0.722786
201901021230,201901021300,11.222,0,779.824,98.125,0,367.8,0,3.805,1,101.784,0,0.0,0,1.829,2,-9999,-9999,-9999,97.01,236.76,11.6,88.0,6.54,372.1,-9999,-9999,10.458,12.008,12.5,12.597,12.816,-9999,13.383,-9999,14.46,2,2,2,2,2,-9999,2,-9999,2,-9999,-9999,-9999,-9999,-9999,-9999,-9999,-9999,-9999,-9999,-9999,-9999,-9999,-9999,-9999,-9999,0.854412,3.0,7.24579,3,10.7729,-9999,-9999,-9999,19.8198,3,29.4671,-9999,-9999,-9999,0,2.03186,3,-9999,2.03186,2.03186,2.09717,3,3,3,1.21318,1.21552,1.22275,1.22984,-0.815778,-0.867575,-0.818677,-0.815377,1.6128,0.728313,1.60712,1.63317,0.202855,0.43183,0.444163,0.454273
201901021300,201901021330,11.508,0,739.695,137.055,0,370.1,0,4.402,1,101.723,0,0.0,0,1.886,2,-9999,-9999,-9999,136.08,317.14,16.41,125.1,9.43,373.6,-9999,-9999,10.209,11.936,12.458,12.558,12.777,-9999,13.343,-9999,14.426,2,2,2,2,2,-9999,2,-9999,2,-9999,-9999,-9999,-9999,-9999,-9999,-9999,-9999,-9999,-9999,-9999,-9999,-9999,-9999,-9999,-9999,-22.4502,2.0,26.2646,3,39.0353,-9999,-9999,-9999,31.5868,3,46.944,-9999,-9999,-9999,0,3.60854,3,-9999,3.60854,3.60854,3.74909,3,3,3,1.22531,1.22777,1.23541,1.2429,-2.38017,-2.44849,-2.38077,-2.37179,1.66507,0.75207,1.65923,1.68598,0.282569,0.598257,0.61472,0.627638
201901021330,201901021400,11.983,0,681.792,116.405,0,372.7,0,3.95,1,101.69,0,0.0,0,1.854,2,-9999,-9999,-9999,115.41,270.83,14.55,106.3,7.9,375.6,-9999,-9999,10.209,11.936,12.458,12.558,12.777,-9999,13.343,-9999,14.426,2,2,2,2,2,-9999,2,-9999,2,-9999,-9999,-9999,-9999,-9999,-9999,-9999,-9999,-9999,-9999,-9999,-9999,-9999,-9999,-9999,-9999,-22.4502,2.0,15.1274,3,22.4805,-9999,-9999,-9999,27.2822,3,40.5423,-9999,-9999,-9999,0,3.12922,3,-9999,3.12922,3.12922,3.12922,3,3,3,1.24544,1.24812,1.25644,1.2646,-1.88045,-1.88378,-1.87999,-1.8649,1.75444,0.792696,1.74832,1.77626,0.24034,0.510316,0.524639,0.536148
201901021400,201901021430,12.143,0,607.106,55.225,0,372.3,0,3.95,1,101.677,0,0.0,0,1.821,2,-9999,-9999,-9999,52.82,133.26,7.33,50.0,3.73,375.6,-9999,-9999,10.398,11.994,12.496,12.595,12.814,-9999,13.387,-9999,14.463,2,2,2,2,2,-9999,2,-9999,2,-9999,-9999,-9999,-9999,-9999,-9999,-9999,-9999,-9999,-9999,-9999,-9999,-9999,-9999,-9999,-9999,3.21402,3.0,7.05359,3,10.4824,-9999,-9999,-9999,0.23305,3,0.346325,-9999,-9999,-9999,0,3.4285,3,-9999,3.39903,3.4285,3.72204,3,3,3,1.25222,1.25497,1.26353,1.27192,-2.17286,-2.44595,-2.17729,-2.14681,1.78527,0.806713,1.77905,1.8074,0.11451,0.245247,0.252538,0.258784
201901021430,201901021500,12.062,0,516.915,32.165,0,370.2,0,2.195,1,101.673,0,0.499,0,1.664,2,-9999,-9999,-9999,27.73,78.66,4.11,28.7,2.6,374.5,-9999,-9999,10.202,11.962,12.489,12.589,12.804,-9999,13.372,-9999,14.452,2,2,2,2,2,-9999,2,-9999,2,-9999,-9999,-9999,-9999,-9999,-9999,-9999,-9999,-9999,-9999,-9999,-9999,-9999,-9999,-9999,-9999,-18.5061,2.0,0.725364,3,1.07789,-9999,-9999,-9999,-10.6371,3,-15.8063,-9999,-9999,-9999,0,3.1426,3,-9999,3.03196,3.1426,3.26372,3,3,3,1.24879,1.2515,1.25994,1.26821,-1.89044,-1.95305,-1.89044,-1.78159,1.76961,0.799596,1.76344,1.79159,0.0668021,0.143543,0.147902,0.151719
201901021500,201901021530,11.947,0,412.762,40.0,0,370.2,0,2.182,1,101.639,0,0.0,0,1.507,2,-9999,-9999,-9999,36.33,93.87,4.71,36.0,2.87,374.2,-9999,-9999,10.202,11.962,12.489,12.589,12.804,-9999,13.372,-9999,14.452,2,2,2,2,2,-9999,2,-9999,2,-9999,-9999,-9999,-9999,-9999,-9999,-9999,-9999,-9999,-9999,-9999,-9999,-9999,-9999,-9999,-9999,-18.5061,2.0,0.725364,3,1.07787,-9999,-9999,-9999,-10.6371,3,-15.8063,-9999,-9999,-9999,0,3.1426,3,-9999,3.03196,3.1426,3.26372,3,3,3,1.24391,1.24658,1.25485,1.26296,-1.89538,-1.95799,-1.89538,-1.78776,1.74755,0.789565,1.74145,1.76931,0.0830287,0.17821,0.183583,0.188254
201901021530,201901021600,11.954,0,296.428,12.43,0,369.8,0,3.379,1,101.639,0,0.0,0,1.483,2,-9999,-9999,-9999,7.44,28.5,1.49,10.9,0.92,374.1,-9999,-9999,10.23,11.978,12.502,12.601,12.817,-9999,13.385,-9999,14.463,2,2,2,2,2,-9999,2,-9999,2,-9999,-9999,-9999,-9999,-9999,-9999,-9999,-9999,-9999,-9999,-9999,-9999,-9999,-9999,-9999,-9999,-17.3031,2.0,0.6574,3,0.976945,-9999,-9999,-9999,-12.5028,3,-18.5787,-9999,-9999,-9999,0,2.39639,3,-9999,2.33378,2.3736,2.41979,3,3,3,1.24421,1.24688,1.25516,1.26328,-1.14887,-1.14887,-1.12907,-1.05856,1.74889,0.790174,1.74279,1.77066,0.025851,0.0557057,0.0574281,0.0589642
201901021600,201901021630,11.748,0,169.905,6.92,0,368.8,0,3.392,1,101.676,0,0.0,0,1.459,2,-9999,-9999,-9999,1.38,15.0,0.88,6.2,0.46,373.3,-9999,-9999,10.23,11.978,12.502,12.601,12.817,-9999,13.385,-9999,14.463,2,2,2,2,2,-9999,2,-9999,2,-9999,-9999,-9999,-9999,-9999,-9999,-9999,-9999,-9999,-9999,-9999,-9999,-9999,-9999,-9999,-9999,-17.3031,2.0,0.6574,3,0.976937,-9999,-9999,-9999,-12.5028,3,-18.5779,-9999,-9999,-9999,0,2.39639,3,-9999,2.33378,2.3736,2.41979,3,3,3,1.23548,1.23805,1.24604,1.25386,-1.15771,-1.15771,-1.13812,-1.06961,1.70983,0.772413,1.70384,1.73119,0.0143973,0.031049,0.0320138,0.0328785
201901021630,201901021700,11.417,0,39.4814,3.415,0,367.1,0,3.304,1,101.659,0,0.0,0,1.353,2,-9999,-9999,-9999,-2.95,5.69,0.36,3.2,0.28,372.0,-9999,-9999,10.23,11.978,12.502,12.601,12.817,-9999,13.385,-9999,14.463,2,2,2,2,2,-9999,2,-9999,2,-9999,-9999,-9999,-9999,-9999,-9999,-9999,-9999,-9999,-9999,-9999,-9999,-9999,-9999,-9999,-9999,-17.3031,2.0,0.6574,3,0.976905,-9999,-9999,-9999,-12.5028,3,-18.576,-9999,-9999,-9999,0,2.39639,3,-9999,2.33378,2.3736,2.41979,3,3,3,1.22145,1.22387,1.23138,1.23874,-1.17193,-1.17193,-1.15215,-1.08735,1.64832,0.744453,1.64253,1.66905,0.00710676,0.0153341,0.0158121,0.0162419
201901021700,201901021730,11.169,0,0.0,1.185,0,365.7,0,3.262,1,101.638,0,0.0,0,1.248,2,-9999,-9999,-9999,-5.69,0.0,0.07,1.2,0.26,370.9,-9999,-9999,10.23,11.978,12.502,12.601,12.817,-9999,13.385,-9999,14.463,2,2,2,2,2,-9999,2,-9999,2,-9999,-9999,-9999,-9999,-9999,-9999,-9999,-9999,-9999,-9999,-9999,-9999,-9999,-9999,-9999,-9999,-17.3031,2.0,0.6574,3,0.976905,-9999,-9999,-9999,-12.5028,3,-18.5753,-9999,-9999,-9999,1,2.39639,3,-9999,2.33378,2.3736,2.41979,3,3,3,1.21094,1.21324,1.22041,1.22742,-1.18258,-1.18258,-1.16266,-1.10064,1.60324,0.723967,1.59759,1.62351,0.00246642,0.00532346,0.00548974,0.00563953
201901021730,201901021800,11.091,0,0.0,1.165,0,365.3,0,3.29,1,101.646,0,0.0,0,1.24,2,-9999,-9999,-9999,-5.82,-0.23,0.06,1.1,0.25,370.6,-9999,-9999,10.275,11.982,12.499,12.597,12.812,-9999,13.38,-9999,14.458,2,2,2,2,2,-9999,2,-9999,2,-9999,-9999,-9999,-9999,-9999,-9999,-9999,-9999,-9999,-9999,-9999,-9999,-9999,-9999,-9999,-9999,-16.4989,2.0,-0.83,3,-1.23339,-9999,-9999,-9999,-12.5028,3,-18.5741,-9999,-9999,-9999,1,2.39639,3,-9999,2.33378,2.3736,2.41979,3,3,3,1.20763,1.2099,1.21696,1.22386,-1.18593,-1.18593,-1.16597,-1.10482,1.58924,0.717606,1.58364,1.60936,0.0024248,0.00523363,0.00539712,0.00554438
201901021800,201901021830,10.979,0,0.0,1.15,0,364.8,0,3.313,1,101.637,0,0.0,0,1.232,2,-9999,-9999,-9999,-5.94,-0.22,0.08,1.2,0.24,370.2,-9999,-9999,10.311,11.984,12.494,12.591,12.806,-9999,13.375,-9999,14.453,2,2,2,2,2,-9999,2,-9999,2,-9999,-9999,-9999,-9999,-9999,-9999,-9999,-9999,-9999,-9999,-9999,-9999,-9999,-9999,-9999,-9999,-15.8556,2.0,-1.28666,3,-1.91199,-9999,-9999,-9999,-12.6177,3,-18.7454,-9999,-9999,-9999,1,2.39639,3,-9999,2.33378,2.3736,2.41979,3,3,3,1.20288,1.20511,1.212,1.21875,-1.19074,-1.19074,-1.17072,-1.11081,1.56929,0.708539,1.56375,1.5892,0.00239358,0.00516626,0.00532764,0.00547302
201901021830,201901021900,10.806,0,0.0,1.13,0,363.9,0,3.333,1,101.649,0,0.0,0,1.475,2,-9999,-9999,-9999,-6.28,-0.19,0.12,1.2,0.24,369.5,-9999,-9999,10.339,11.985,12.49,12.587,12.801,-9999,13.369,-9999,14.448,2,2,2,2,2,-9999,2,-9999,2,-9999,-9999,-9999,-9999,-9999,-9999,-9999,-9999,-9999,-9999,-9999,-9999,-9999,-9999,-9999,-9999,-15.3515,2.0,-1.28666,3,-1.91199,-9999,-9999,-9999,-12.9133,3,-19.1847,-9999,-9999,-9999,1,2.59998,3,-9999,2.54356,2.56883,2.61834,3,3,3,1.19555,1.19769,1.20435,1.21086,-1.40176,-1.40176,-1.37328,-1.32947,1.5388,0.694689,1.53336,1.5584,0.00235196,0.00507644,0.00523502,0.00537787
201901021900,201901021930,10.466,0,0.0,1.06,0,361.9,0,3.352,1,101.631,0,0.499,0,1.719,2,-9999,-9999,-9999,-7.04,-0.18,0.12,1.2,0.46,368.0,-9999,-9999,10.36,11.984,12.486,12.582,12.796,-9999,13.365,-9999,14.443,2,2,2,2,2,-9999,2,-9999,2,-9999,-9999,-9999,-9999,-9999,-9999,-9999,-9999,-9999,-9999,-9999,-9999,-9999,-9999,-9999,-9999,-15.3515,2.0,-1.28666,3,-1.91199,-9999,-9999,-9999,-13.2116,3,-19.6278,-9999,-9999,-9999,1,2.65172,3,-9999,2.59775,2.61902,2.66855,3,3,3,1.18114,1.18313,1.18931,1.19536,-1.4681,-1.4681,-1.43788,-1.39939,1.48009,0.668019,1.47483,1.49907,0.00220627,0.00476204,0.00491081,0.00504483
201901021930,201901022000,10.37,0,0.0,1.095,0,361.4,0,3.368,1,101.626,0,0.0,0,1.941,2,-9999,-9999,-9999,-6.85,-0.19,0.13,1.2,0.34,367.5,-9999,-9999,10.377,11.984,12.482,12.578,12.791,-9999,13.359,-9999,14.438,2,2,2,2,2,-9999,2,-9999,2,-9999,-9999,-9999,-9999,-9999,-9999,-9999,-9999,-9999,-9999,-9999,-9999,-9999,-9999,-9999,-9999,-15.0181,2.0,-1.77997,3,-2.64489,-9999,-9999,-9999,-13.3913,3,-19.894,-9999,-9999,-9999,1,2.65172,3,-9999,2.59775,2.61902,2.66855,3,3,3,1.17707,1.17902,1.18507,1.19098,-1.47222,-1.47222,-1.44195,-1.40383,1.4638,0.660619,1.45859,1.4826,0.00227911,0.00491924,0.00507291,0.00521135
201901022000,201901022030,10.331,0,0.0,1.1,0,361.3,0,3.384,1,101.643,0,0.0,0,2.163,2,-9999,-9999,-9999,-6.57,-0.17,0.14,1.1,0.27,367.3,-9999,-9999,10.389,11.982,12.477,12.573,12.786,-9999,13.355,-9999,14.434,2,2,2,2,2,-9999,2,-9999,2,-9999,-9999,-9999,-9999,-9999,-9999,-9999,-9999,-9999,-9999,-9999,-9999,-9999,-9999,-9999,-9999,-14.766,2.0,-2.17077,3,-3.22558,-9999,-9999,-9999,-13.5635,3,-20.1498,-9999,-9999,-9999,1,2.65172,3,-9999,2.59775,2.61902,2.66855,3,3,3,1.17542,1.17735,1.18335,1.18921,-1.4739,-1.4739,-1.4436,-1.40563,1.45722,0.657629,1.45203,1.47595,0.00228952,0.0049417,0.00509607,0.00523514
201901022030,201901022100,10.415,0,0.0,1.07,0,361.8,0,3.398,1,101.66,0,0.0,0,2.206,2,-9999,-9999,-9999,-6.46,-0.19,0.09,1.0,0.3,367.7,-9999,-9999,10.398,11.98,12.473,12.569,12.781,-9999,13.35,-9999,14.429,2,2,2,2,2,-9999,2,-9999,2,-9999,-9999,-9999,-9999,-9999,-9999,-9999,-9999,-9999,-9999,-9999,-9999,-9999,-9999,-9999,-9999,-14.578,2.0,-2.4116,3,-3.5833,-9999,-9999,-9999,-13.7493,3,-20.4251,-9999,-9999,-9999,1,2.65172,3,-9999,2.59775,2.61902,2.66855,3,3,3,1.17898,1.18095,1.18706,1.19303,-1.47029,-1.47029,-1.44004,-1.40174,1.47142,0.664081,1.46619,1.4903,0.00222708,0.00480696,0.00495712,0.00509241
201901022100,201901022130,10.481,0,0.0,1.125,0,362.1,0,3.413,1,101.667,0,0.0,0,2.249,2,-9999,-9999,-9999,-6.45,-0.2,0.09,1.1,0.3,368.0,-9999,-9999,10.404,11.977,12.469,12.564,12.777,-9999,13.345,-9999,14.424,2,2,2,2,2,-9999,2,-9999,2,-9999,-9999,-9999,-9999,-9999,-9999,-9999,-9999,-9999,-9999,-9999,-9999,-9999,-9999,-9999,-9999,-14.4426,2.0,-2.4116,3,-3.58374,-9999,-9999,-9999,-13.8174,3,-20.526,-9999,-9999,-9999,1,2.47326,3,-9999,2.41654,2.44869,2.49354,3,3,3,1.18178,1.18378,1.18998,1.19604,-1.289,-1.289,-1.26691,-1.21002,1.48265,0.66918,1.47738,1.50165,0.00234155,0.00505398,0.00521186,0.00535408
201901022130,201901022200,10.466,0,0.0,1.13,0,362.1,0,3.427,1,101.656,0,0.0,0,2.038,2,-9999,-9999,-9999,-6.48,-0.19,0.1,1.1,0.24,368.0,-9999,-9999,10.407,11.974,12.464,12.559,12.772,-9999,13.34,-9999,14.42,2,2,2,2,2,-9999,2,-9999,2,-9999,-9999,-9999,-9999,-9999,-9999,-9999,-9999,-9999,-9999,-9999,-9999,-9999,-9999,-9999,-9999,-14.3494,2.0,-2.71365,3,-4.03297,-9999,-9999,-9999,-14.0323,3,-20.8459,-9999,-9999,-9999,1,2.43507,3,-9999,2.37875,2.41256,2.45572,3,3,3,1.18114,1.18313,1.18931,1.19536,-1.25145,-1.25145,-1.23142,-1.16697,1.48009,0.668019,1.47483,1.49907,0.00235196,0.00507644,0.00523502,0.00537787
201901022200,201901022230,10.415,0,0.0,1.075,0,361.8,0,3.439,1,101.651,0,0.499,0,1.826,2,-9999,-9999,-9999,-6.55,-0.21,0.09,1.1,0.3,367.7,-9999,-9999,10.409,11.971,12.46,12.555,12.767,-9999,13.335,-9999,14.415,2,2,2,2,2,-9999,2,-9999,2,-9999,-9999,-9999,-9999,-9999,-9999,-9999,-9999,-9999,-9999,-9999,-9999,-9999,-9999,-9999,-9999,-14.3494,2.0,-2.83779,3,-4.21928,-9999,-9999,-9999,-14.1775,3,-21.0641,-9999,-9999,-9999,1,2.38485,3,-9999,2.32865,2.36479,2.40609,3,3,3,1.17898,1.18095,1.18706,1.19303,-1.20342,-1.20342,-1.18581,-1.11327,1.47142,0.664081,1.46619,1.4903,0.00223749,0.00482941,0.00498028,0.00511619
201901022230,201901022300,10.319,0,0.0,1.035,0,361.2,0,3.45,1,101.627,0,0.0,0,1.654,2,-9999,-9999,-9999,-7.01,-0.19,0.1,1.2,0.38,367.3,-9999,-9999,10.409,11.967,12.456,12.55,12.762,-9999,13.33,-9999,14.411,2,2,2,2,2,-9999,2,-9999,2,-9999,-9999,-9999,-9999,-9999,-9999,-9999,-9999,-9999,-9999,-9999,-9999,-9999,-9999,-9999,-9999,-14.3494,2.0,-2.99364,3,-4.45239,-9999,-9999,-9999,-14.2686,3,-21.2062,-9999,-9999,-9999,1,2.38485,3,-9999,2.32865,2.36479,2.40609,3,3,3,1.17491,1.17684,1.18282,1.18866,-1.20754,-1.20754,-1.18988,-1.1184,1.4552,0.656712,1.45002,1.47391,0.00215424,0.00464975,0.00479501,0.00492588
201901022300,201901022330,10.158,0,0.0,1.01,0,360.3,0,3.458,1,101.633,0,0.0,0,1.481,2,-9999,-9999,-9999,-7.38,-0.19,0.1,1.2,0.5,366.6,-9999,-9999,10.407,11.964,12.452,12.546,12.757,-9999,13.325,-9999,14.407,2,2,2,2,2,-9999,2,-9999,2,-9999,-9999,-9999,-9999,-9999,-9999,-9999,-9999,-9999,-9999,-9999,-9999,-9999,-9999,-9999,-9999,-14.3325,2.0,-2.90697,3,-4.32469,-9999,-9999,-9999,-14.4079,3,-21.4167,-9999,-9999,-9999,1,2.41452,3,-9999,2.36012,2.3937,2.43475,3,3,3,1.16809,1.16994,1.1757,1.18133,-1.24412,-1.24412,-1.22561,-1.15595,1.42826,0.64448,1.42317,1.44669,0.00210221,0.00453746,0.00467922,0.00480693
201901022330,201901030000,10.11,0,0.0,0.97,0,360.0,0,3.465,1,101.621,0,0.0,0,1.827,2,-9999,-9999,-9999,-7.42,-0.21,0.07,1.0,0.56,366.4,-9999,-9999,10.404,11.96,12.448,12.542,12.753,-9999,13.321,-9999,14.402,2,2,2,2,2,-9999,2,-9999,2,-9999,-9999,-9999,-9999,-9999,-9999,-9999,-9999,-9999,-9999,-9999,-9999,-9999,-9999,-9999,-9999,-14.3361,2.0,-3.08301,3,-4.587,-9999,-9999,-9999,-14.5358,3,-21.6095,-9999,-9999,-9999,1,2.41452,3,-9999,2.36012,2.3937,2.43475,3,3,3,1.16605,1.16789,1.17358,1.17915,-1.24618,-1.24618,-1.22765,-1.15851,1.4203,0.640865,1.41523,1.43864,0.00201896,0.0043578,0.00449395,0.00461661
201901030000,201901030030,10.063,0,0.0,1.045,0,359.9,0,3.469,1,101.629,0,0.0,0,2.172,2,-9999,-9999,-9999,-7.36,-0.2,0.07,1.1,0.55,366.3,-9999,-9999,10.401,11.956,12.443,12.537,12.748,-9999,13.316,-9999,14.398,2,2,2,2,2,-9999,2,-9999,2,-9999,-9999,-9999,-9999,-9999,-9999,-9999,-9999,-9999,-9999,-9999,-9999,-9999,-9999,-9999,-9999,-14.3431,2.0,-3.21178,3,-4.77945,-9999,-9999,-9999,-14.7221,3,-21.8926,-9999,-9999,-9999,1,2.43729,3,-9999,2.38446,2.41599,2.45668,3,3,3,1.16406,1.16588,1.17151,1.17701,-1.27097,-1.27097,-1.25193,-1.18266,1.41253,0.637338,1.40749,1.43079,0.00217505,0.00469467,0.00484133,0.00497346
201901030030,201901030100,10.025,0,0.0,1.105,0,359.9,0,3.472,1,101.632,0,0.0,0,2.301,2,-9999,-9999,-9999,-7.0,-0.17,0.11,1.1,0.41,366.2,-9999,-9999,10.4,11.952,12.439,12.533,12.744,-9999,13.311,-9999,14.394,2,2,2,2,2,-9999,2,-9999,2,-9999,-9999,-9999,-9999,-9999,-9999,-9999,-9999,-9999,-9999,-9999,-9999,-9999,-9999,-9999,-9999,-14.3333,2.0,-3.25279,3,-4.84022,-9999,-9999,-9999,-14.6952,3,-21.8571,-9999,-9999,-9999,1,2.43729,3,-9999,2.38446,2.41599,2.45668,3,3,3,1.16245,1.16425,1.16983,1.17528,-1.2726,-1.2726,-1.25354,-1.18469,1.40628,0.634497,1.40125,1.42446,0.00229992,0.00496415,0.00511923,0.00525893
201901030100,201901030130,10.039,0,0.0,1.09,0,359.9,0,3.473,1,101.611,0,0.0,0,2.43,2,-9999,-9999,-9999,-7.12,-0.19,0.09,1.1,0.4,366.3,-9999,-9999,10.401,11.949,12.435,12.529,12.739,-9999,13.307,-9999,14.39,2,2,2,2,2,-9999,2,-9999,2,-9999,-9999,-9999,-9999,-9999,-9999,-9999,-9999,-9999,-9999,-9999,-9999,-9999,-9999,-9999,-9999,-14.3088,2.0,-3.24392,3,-4.82797,-9999,-9999,-9999,-14.7491,3,-21.9417,-9999,-9999,-9999,1,2.48699,3,-9999,2.43621,2.46422,2.50505,3,3,3,1.16305,1.16485,1.17044,1.17591,-1.3217,-1.3217,-1.30117,-1.23424,1.40858,0.635542,1.40355,1.42679,0.00226871,0.00489678,0.00504976,0.00518756
201901030130,201901030200,10.066,0,0.0,1.125,0,359.9,0,3.473,1,101.59,0,0.0,0,2.506,2,-9999,-9999,-9999,-7.38,-0.2,0.08,1.1,0.63,366.3,-9999,-9999,10.402,11.945,12.431,12.525,12.735,-9999,13.302,-9999,14.386,2,2,2,2,2,-9999,2,-9999,2,-9999,-9999,-9999,-9999,-9999,-9999,-9999,-9999,-9999,-9999,-9999,-9999,-9999,-9999,-9999,-9999,-14.3088,2.0,-3.24392,3,-4.82798,-9999,-9999,-9999,-14.7257,3,-21.9093,-9999,-9999,-9999,1,2.49149,3,-9999,2.4418,2.46897,2.50913,3,3,3,1.16419,1.16601,1.17164,1.17714,-1.32504,-1.32504,-1.30478,-1.2351,1.41303,0.637563,1.40798,1.43129,0.00234155,0.00505398,0.00521186,0.00535408
201901030200,201901030230,10.057,0,0.0,1.12,0,360.0,0,3.473,1,101.608,0,0.0,0,2.582,2,-9999,-9999,-9999,-7.29,-0.17,0.12,1.1,0.63,366.3,-9999,-9999,10.403,11.942,12.427,12.521,12.731,-9999,13.298,-9999,14.382,2,2,2,2,2,-9999,2,-9999,2,-9999,-9999,-9999,-9999,-9999,-9999,-9999,-9999,-9999,-9999,-9999,-9999,-9999,-9999,-9999,-9999,-14.2533,2.0,-3.24392,3,-4.82841,-9999,-9999,-9999,-14.7008,3,-21.8763,-9999,-9999,-9999,1,2.46287,3,-9999,2.41357,2.4418,2.4807,3,3,3,1.16381,1.16562,1.17124,1.17673,-1.29681,-1.29681,-1.27799,-1.20414,1.41154,0.636889,1.4065,1.42979,0.00233114,0.00503153,0.0051887,0.00533029
201901030230,201901030300,10.04,0,0.0,1.075,0,359.8,0,3.471,1,101.588,0,0.0,0,2.384,2,-9999,-9999,-9999,-7.6,-0.2,0.09,1.1,0.75,366.2,-9999,-9999,10.405,11.939,12.423,12.517,12.727,-9999,13.293,-9999,14.378,2,2,2,2,2,-9999,2,-9999,2,-9999,-9999,-9999,-9999,-9999,-9999,-9999,-9999,-9999,-9999,-9999,-9999,-9999,-9999,-9999,-9999,-14.2028,2.0,-3.2409,3,-4.82384,-9999,-9999,-9999,-14.6489,3,-21.7985,-9999,-9999,-9999,1,2.46082,3,-9999,2.41242,2.4402,2.47837,3,3,3,1.16309,1.16489,1.17049,1.17596,-1.29549,-1.29549,-1.27711,-1.20376,1.40874,0.635617,1.40371,1.42696,0.00223749,0.00482941,0.00498028,0.00511619
201901030300,201901030330,10.011,0,0.0,1.055,0,359.7,0,3.468,1,101.536,0,0.0,0,2.186,2,-9999,-9999,-9999,-7.48,-0.2,0.07,1.1,0.69,366.1,-9999,-9999,10.405,11.936,12.419,12.513,12.723,-9999,13.289,-9999,14.374,2,2,2,2,2,-9999,2,-9999,2,-9999,-9999,-9999,-9999,-9999,-9999,-9999,-9999,-9999,-9999,-9999,-9999,-9999,-9999,-9999,-9999,-14.1699,2.0,-3.26666,3,-4.86195,-9999,-9999,-9999,-14.6304,3,-21.77,-9999,-9999,-9999,1,2.47542,3,-9999,2.42819,2.45465,2.4924,3,3,3,1.16186,1.16365,1.16921,1.17464,-1.31133,-1.31133,-1.29279,-1.22038,1.40397,0.633452,1.39896,1.42214,0.00219586,0.00473958,0.00488765,0.00502104
201901030330,201901030400,9.985,0,0.0,1.01,0,359.6,0,3.465,1,101.499,0,0.0,0,1.953,2,-9999,-9999,-9999,-7.57,-0.2,0.06,1.1,0.69,366.0,-9999,-9999,10.405,11.933,12.415,12.509,12.719,-9999,13.285,-9999,14.37,2,2,2,2,2,-9999,2,-9999,2,-9999,-9999,-9999,-9999,-9999,-9999,-9999,-9999,-9999,-9999,-9999,-9999,-9999,-9999,-9999,-9999,-14.1403,2.0,-3.26666,3,-4.86082,-9999,-9999,-9999,-14.625,3,-21.7571,-9999,-9999,-9999,1,2.48933,3,-9999,2.4432,2.46843,2.50576,3,3,3,1.16076,1.16254,1.16806,1.17346,-1.32636,-1.32636,-1.30767,-1.23618,1.39971,0.631516,1.39471,1.41783,0.00210221,0.00453746,0.00467922,0.00480693
201901030400,201901030430,10.002,0,0.0,1.06,0,359.7,0,3.462,1,101.502,0,0.0,0,1.721,2,-9999,-9999,-9999,-7.46,-0.2,0.07,1.1,0.68,366.1,-9999,-9999,10.406,11.93,12.412,12.506,12.714,-9999,13.281,-9999,14.366,2,2,2,2,2,-9999,2,-9999,2,-9999,-9999,-9999,-9999,-9999,-9999,-9999,-9999,-9999,-9999,-9999,-9999,-9999,-9999,-9999,-9999,-14.102,2.0,-3.26666,3,-4.86096,-9999,-9999,-9999,-14.5864,3,-21.6996,-9999,-9999,-9999,1,2.52171,3,-9999,2.47699,2.50007,2.5373,3,3,3,1.16148,1.16327,1.16881,1.17423,-1.35801,-1.35801,-1.33859,-1.26761,1.4025,0.632781,1.39749,1.42064,0.00220627,0.00476204,0.00491081,0.00504483
201901030430,201901030500,9.948,0,0.0,1.065,0,359.5,0,3.458,1,101.51,0,0.998,0,1.686,2,-9999,-9999,-9999,-7.52,-0.2,0.08,1.2,0.65,365.9,-9999,-9999,10.406,11.926,12.408,12.502,12.711,-9999,13.277,-9999,14.363,2,2,2,2,2,-9999,2,-9999,2,-9999,-9999,-9999,-9999,-9999,-9999,-9999,-9999,-9999,-9999,-9999,-9999,-9999,-9999,-9999,-9999,-14.102,2.0,-3.38131,3,-5.03156,-9999,-9999,-9999,-14.5864,3,-21.6996,-9999,-9999,-9999,1,2.52171,3,-9999,2.47699,2.50007,2.5373,3,3,3,1.15919,1.16096,1.16643,1.17177,-1.36032,-1.36032,-1.34088,-1.26999,1.39365,0.628766,1.38867,1.41171,0.00221668,0.0047845,0.00493396,0.00506862
201901030500,201901030530,9.922,0,0.0,1.145,0,359.4,0,3.454,1,101.54,0,1.496,0,1.65,2,-9999,-9999,-9999,-7.31,-0.2,0.08,1.2,0.6,365.8,-9999,-9999,10.406,11.923,12.404,12.498,12.707,-9999,13.272,-9999,14.359,2,2,2,2,2,-9999,2,-9999,2,-9999,-9999,-9999,-9999,-9999,-9999,-9999,-9999,-9999,-9999,-9999,-9999,-9999,-9999,-9999,-9999,-14.102,2.0,-3.41671,3,-5.0843,-9999,-9999,-9999,-14.4967,3,-21.5663,-9999,-9999,-9999,1,2.52171,3,-9999,2.47699,2.50007,2.5373,3,3,3,1.15809,1.15984,1.16528,1.17059,-1.36144,-1.36144,-1.34198,-1.27114,1.38941,0.62684,1.38444,1.40742,0.00238317,0.00514381,0.00530449,0.00544923
201901030530,201901030600,9.889,0,0.0,1.12,0,359.3,0,3.448,1,101.543,0,0.499,0,1.363,2,-9999,-9999,-9999,-7.43,-0.21,0.06,1.1,0.57,365.8,-9999,-9999,10.407,11.92,12.401,12.494,12.703,-9999,13.268,-9999,14.355,2,2,2,2,2,-9999,2,-9999,2,-9999,-9999,-9999,-9999,-9999,-9999,-9999,-9999,-9999,-9999,-9999,-9999,-9999,-9999,-9999,-9999,-14.0632,2.0,-3.44631,3,-5.12843,-9999,-9999,-9999,-14.4279,3,-21.4639,-9999,-9999,-9999,1,2.52171,3,-9999,2.47699,2.50007,2.5373,3,3,3,1.15669,1.15843,1.16382,1.16909,-1.36286,-1.36286,-1.34338,-1.2726,1.38404,0.6244,1.37909,1.40199,0.00233114,0.00503153,0.0051887,0.00533029
201901030600,201901030630,9.91,0,0.0,1.04,0,359.4,0,3.443,1,101.561,0,0.0,0,1.077,2,-9999,-9999,-9999,-7.4,-0.19,0.08,1.1,0.58,365.8,-9999,-9999,10.409,11.917,12.397,12.491,12.699,-9999,13.264,-9999,14.352,2,2,2,2,2,-9999,2,-9999,2,-9999,-9999,-9999,-9999,-9999,-9999,-9999,-9999,-9999,-9999,-9999,-9999,-9999,-9999,-9999,-9999,-14.0145,2.0,-3.44631,3,-5.12843,-9999,-9999,-9999,-14.429,3,-21.4655,-9999,-9999,-9999,1,2.50672,3,-9999,2.46252,2.48594,2.5223,3,3,3,1.15758,1.15933,1.16475,1.17005,-1.34696,-1.34696,-1.32836,-1.25882,1.38746,0.625952,1.38249,1.40544,0.00216465,0.00467221,0.00481817,0.00494967
201901030630,201901030700,9.877,0,0.302097,1.295,0,359.2,0,3.437,1,101.5,0,0.0,0,1.172,2,-9999,-9999,-9999,-7.2,0.52,0.1,1.3,0.59,365.7,-9999,-9999,10.411,11.914,12.393,12.487,12.695,-9999,13.261,-9999,14.348,2,2,2,2,2,-9999,2,-9999,2,-9999,-9999,-9999,-9999,-9999,-9999,-9999,-9999,-9999,-9999,-9999,-9999,-9999,-9999,-9999,-9999,-13.9544,2.0,-3.44631,3,-5.12836,-9999,-9999,-9999,-14.4545,3,-21.5046,-9999,-9999,-9999,0,2.51072,3,-9999,2.46736,2.49016,2.52598,3,3,3,1.15618,1.15792,1.16329,1.16854,-1.35238,-1.35238,-1.33398,-1.26543,1.38209,0.623515,1.37714,1.40002,0.00269535,0.00581748,0.00599918,0.00616284
201901030700,201901030730,9.931,0,77.7412,4.71,0,359.5,0,3.465,1,101.413,0,0.0,0,1.267,2,-9999,-9999,-9999,-3.25,8.79,0.52,4.2,0.77,365.8,-9999,-9999,10.414,11.912,12.39,12.484,12.691,-9999,13.257,-9999,14.345,2,2,2,2,2,-9999,2,-9999,2,-9999,-9999,-9999,-9999,-9999,-9999,-9999,-9999,-9999,-9999,-9999,-9999,-9999,-9999,-9999,-9999,-13.8846,2.0,-3.44631,3,-5.12829,-9999,-9999,-9999,-14.4863,3,-21.553,-9999,-9999,-9999,0,2.51072,3,-9999,2.46736,2.49016,2.52598,3,3,3,1.15847,1.16023,1.16568,1.171,-1.35006,-1.35006,-1.33169,-1.26304,1.39088,0.627506,1.38591,1.4089,0.00980082,0.0211431,0.0218014,0.0223926
201901030730,201901030800,10.089,0,210.204,19.85,0,359.8,0,3.533,1,101.345,0,0.499,0,1.229,2,-9999,-9999,-9999,12.06,42.49,1.99,18.1,1.84,366.4,-9999,-9999,10.403,11.907,12.387,12.48,12.688,-9999,13.253,-9999,14.342,2,2,2,2,2,-9999,2,-9999,2,-9999,-9999,-9999,-9999,-9999,-9999,-9999,-9999,-9999,-9999,-9999,-9999,-9999,-9999,-9999,-9999,-13.9949,2.0,-3.21591,3,-4.78537,-9999,-9999,-9999,-14.0714,3,-20.9368,-9999,-9999,-9999,0,2.54879,3,-9999,2.528,2.54837,2.56272,3,3,3,1.16516,1.16699,1.17265,1.17819,-1.38135,-1.38135,-1.36944,-1.31796,1.41683,0.639288,1.41177,1.43513,0.0412612,0.0888178,0.0915455,0.0939618
201901030800,201901030830,10.4,0,333.971,18.395,0,360.5,0,3.549,1,101.426,0,0.0,0,1.19,2,-9999,-9999,-9999,10.71,43.07,2.01,16.0,1.88,367.5,-9999,-9999,10.408,11.905,12.383,12.477,12.684,-9999,13.25,-9999,14.338,2,2,2,2,2,-9999,2,-9999,2,-9999,-9999,-9999,-9999,-9999,-9999,-9999,-9999,-9999,-9999,-9999,-9999,-9999,-9999,-9999,-9999,-13.9949,2.0,-3.21591,3,-4.78537,-9999,-9999,-9999,-14.0714,3,-20.938,-9999,-9999,-9999,0,2.54879,3,-9999,2.528,2.54837,2.56272,3,3,3,1.17834,1.18031,1.1864,1.19235,-1.36801,-1.36801,-1.35602,-1.30135,1.46888,0.662925,1.46365,1.48773,0.0382406,0.0823331,0.084865,0.0871108
201901030830,201901030900,10.489,0,446.924,16.195,0,361.9,0,3.544,1,101.621,0,0.0,0,1.165,2,-9999,-9999,-9999,9.56,39.34,1.87,14.0,1.53,368.0,-9999,-9999,10.408,11.905,12.383,12.477,12.684,-9999,13.25,-9999,14.338,2,2,2,2,2,-9999,2,-9999,2,-9999,-9999,-9999,-9999,-9999,-9999,-9999,-9999,-9999,-9999,-9999,-9999,-9999,-9999,-9999,-9999,-13.9949,2.0,-3.21591,3,-4.78537,-9999,-9999,-9999,-14.1128,3,-21.0006,-9999,-9999,-9999,0,2.58898,3,-9999,2.54837,2.57269,2.60248,3,3,3,1.18212,1.18412,1.19033,1.19641,-1.40437,-1.40437,-1.38447,-1.32248,1.48402,0.669801,1.47874,1.50303,0.0336723,0.0725203,0.0747549,0.0767411
201901030900,201901030930,10.461,0,547.13,20.865,0,361.8,0,2.277,1,101.666,0,0.0,0,1.139,2,-9999,-9999,-9999,14.82,52.29,2.4,17.9,1.81,367.9,-9999,-9999,10.399,11.865,12.34,12.434,12.64,-9999,13.203,-9999,14.297,2,2,2,2,2,-9999,2,-9999,2,-9999,-9999,-9999,-9999,-9999,-9999,-9999,-9999,-9999,-9999,-9999,-9999,-9999,-9999,-9999,-9999,-13.6532,2.0,-3.61084,3,-5.37473,-9999,-9999,-9999,-12.2894,3,-18.293,-9999,-9999,-9999,0,3.31138,3,-9999,3.22613,3.31138,3.35423,3,3,3,1.18093,1.18292,1.18909,1.19513,-2.12798,-2.13118,-2.11325,-2.03704,1.47924,0.667632,1.47399,1.49821,0.0433679,0.0933391,0.096203,0.0987376
201901030930,201901031000,10.438,0,632.876,25.585,0,361.9,0,2.281,1,101.619,0,0.0,0,1.246,2,-9999,-9999,-9999,20.31,66.27,3.06,21.7,2.06,367.9,-9999,-9999,10.435,11.873,12.343,12.438,12.644,-9999,13.206,-9999,14.3,2,2,2,2,2,-9999,2,-9999,2,-9999,-9999,-9999,-9999,-9999,-9999,-9999,-9999,-9999,-9999,-9999,-9999,-9999,-9999,-9999,-9999,-13.4384,2.0,-3.34996,3,-4.98735,-9999,-9999,-9999,-12.019,3,-17.8937,-9999,-9999,-9999,0,3.27168,3,-9999,3.19055,3.27168,3.31114,3,3,3,1.17995,1.18193,1.18808,1.19408,-2.08926,-2.09245,-2.07461,-2.00247,1.47533,0.665855,1.47008,1.49425,0.0531608,0.114339,0.117832,0.12091
201901031000,201901031030,10.42,0,702.694,37.22,0,362.2,0,2.313,1,101.594,0,0.0,0,1.354,2,-9999,-9999,-9999,32.99,95.12,4.46,32.0,2.65,368.1,-9999,-9999,10.447,11.871,12.339,12.433,12.638,-9999,13.201,-9999,14.295,2,2,2,2,2,-9999,2,-9999,2,-9999,-9999,-9999,-9999,-9999,-9999,-9999,-9999,-9999,-9999,-9999,-9999,-9999,-9999,-9999,-9999,-13.1994,2.0,-3.22221,3,-4.7989,-9999,-9999,-9999,-11.759,3,-17.5128,-9999,-9999,-9999,0,3.22985,3,-9999,3.15273,3.22985,3.31114,3,3,3,1.17919,1.18116,1.18728,1.19326,-2.04821,-2.09004,-2.04821,-1.96545,1.47227,0.664466,1.46704,1.49116,0.0772733,0.165923,0.170938,0.17531
201901031030,201901031100,10.386,0,755.389,54.81,0,362.5,0,3.937,1,101.593,0,0.0,0,1.81,2,-9999,-9999,-9999,51.9,139.13,6.72,47.5,3.72,368.3,-9999,-9999,10.793,11.875,12.287,12.379,12.584,-9999,13.148,-9999,14.243,2,2,2,2,2,-9999,2,-9999,2,-9999,-9999,-9999,-9999,-9999,-9999,-9999,-9999,-9999,-9999,-9999,-9999,-9999,-9999,-9999,-9999,-8.64,2.0,4.3287,3,6.44782,-9999,-9999,-9999,-0.84924,3,-1.26498,-9999,-9999,-9999,0,2.28719,3,-9999,2.29335,2.32068,2.32315,3,3,3,1.17775,1.17971,1.18578,1.19171,-1.10701,-1.14293,-1.13164,-1.10375,1.46651,0.661848,1.46129,1.48534,0.113652,0.243425,0.250665,0.256869
201901031100,201901031130,10.323,0,790.06,42.775,0,362.1,0,2.465,1,101.567,0,0.0,0,2.266,2,-9999,-9999,-9999,39.73,114.09,5.33,36.3,2.82,368.0,-9999,-9999,10.462,11.869,12.334,12.428,12.633,-9999,13.196,-9999,14.29,2,2,2,2,2,-9999,2,-9999,2,-9999,-9999,-9999,-9999,-9999,-9999,-9999,-9999,-9999,-9999,-9999,-9999,-9999,-9999,-9999,-9999,-12.9342,2.0,-1.27958,3,-1.90587,-9999,-9999,-9999,-10.59,3,-15.7733,-9999,-9999,-9999,0,2.60358,3,-9999,2.56018,2.60358,2.63044,3,3,3,1.17508,1.17701,1.18299,1.18884,-1.4261,-1.43869,-1.4261,-1.37719,1.45587,0.657018,1.45069,1.47459,0.0887716,0.190461,0.196189,0.201155
201901031130,201901031200,10.29,0,806.114,37.21,0,362.1,0,2.313,1,101.496,0,0.499,0,2.385,2,-9999,-9999,-9999,34.16,102.32,4.42,31.2,2.46,367.8,-9999,-9999,10.447,11.871,12.339,12.433,12.638,-9999,13.201,-9999,14.295,2,2,2,2,2,-9999,2,-9999,2,-9999,-9999,-9999,-9999,-9999,-9999,-9999,-9999,-9999,-9999,-9999,-9999,-9999,-9999,-9999,-9999,-13.1994,2.0,-3.22221,3,-4.79729,-9999,-9999,-9999,-11.759,3,-17.507,-9999,-9999,-9999,0,3.22985,3,-9999,3.15273,3.22985,3.31114,3,3,3,1.17368,1.1756,1.18153,1.18734,-2.05379,-2.09562,-2.05379,-1.9712,1.45032,0.654497,1.44515,1.46898,0.0772525,0.165879,0.170893,0.175263
201901031200,201901031230,10.214,0,803.275,34.26,0,361.3,0,2.326,1,101.511,0,0.499,0,2.504,2,-9999,-9999,-9999,30.48,93.63,4.02,28.6,2.34,367.4,-9999,-9999,10.447,11.871,12.339,12.433,12.638,-9999,13.201,-9999,14.295,2,2,2,2,2,-9999,2,-9999,2,-9999,-9999,-9999,-9999,-9999,-9999,-9999,-9999,-9999,-9999,-9999,-9999,-9999,-9999,-9999,-9999,-13.1994,2.0,-3.22221,3,-4.79717,-9999,-9999,-9999,-11.759,3,-17.5066,-9999,-9999,-9999,0,3.22985,3,-9999,3.15273,3.22985,3.31114,3,3,3,1.17046,1.17234,1.17818,1.18388,-2.05705,-2.09888,-2.05705,-1.97455,1.43759,0.648717,1.43247,1.45611,0.0711427,0.152824,0.157456,0.161505
201901031230,201901031300,10.174,0,781.593,38.915,0,361.0,0,2.313,1,101.479,0,0.0,0,2.088,2,-9999,-9999,-9999,35.33,104.82,4.41,32.7,2.7,367.2,-9999,-9999,10.447,11.871,12.339,12.433,12.638,-9999,13.201,-9999,14.295,2,2,2,2,2,-9999,2,-9999,2,-9999,-9999,-9999,-9999,-9999,-9999,-9999,-9999,-9999,-9999,-9999,-9999,-9999,-9999,-9999,-9999,-13.1994,2.0,-1.83179,3,-2.72646,-9999,-9999,-9999,-11.5255,3,-17.1543,-9999,-9999,-9999,0,2.60635,3,-9999,2.56076,2.60635,2.6349,3,3,3,1.16877,1.17063,1.17641,1.18206,-1.43527,-1.45003,-1.43527,-1.38435,1.43092,0.645689,1.42582,1.44938,0.0807827,0.173416,0.17865,0.183205
201901031300,201901031330,10.255,0,741.438,38.195,0,361.5,0,2.313,1,101.463,0,0.499,0,1.673,2,-9999,-9999,-9999,34.68,101.63,4.3,32.2,2.71,367.4,-9999,-9999,10.447,11.871,12.339,12.433,12.638,-9999,13.201,-9999,14.295,2,2,2,2,2,-9999,2,-9999,2,-9999,-9999,-9999,-9999,-9999,-9999,-9999,-9999,-9999,-9999,-9999,-9999,-9999,-9999,-9999,-9999,-13.1994,2.0,-3.22221,3,-4.79582,-9999,-9999,-9999,-11.759,3,-17.5012,-9999,-9999,-9999,0,3.22985,3,-9999,3.15273,3.22985,3.31114,3,3,3,1.1722,1.1741,1.17999,1.18575,-2.05529,-2.09712,-2.05529,-1.97274,1.44445,0.651831,1.4393,1.46304,0.0792921,0.170234,0.175375,0.179852
201901031330,201901031400,10.427,0,683.498,46.5,0,362.3,0,2.448,1,101.446,0,0.499,0,1.333,2,-9999,-9999,-9999,43.33,121.27,5.11,39.8,3.37,368.1,-9999,-9999,10.462,11.869,12.334,12.428,12.633,-9999,13.196,-9999,14.29,2,2,2,2,2,-9999,2,-9999,2,-9999,-9999,-9999,-9999,-9999,-9999,-9999,-9999,-9999,-9999,-9999,-9999,-9999,-9999,-9999,-9999,-12.9342,2.0,-1.18524,3,-1.76444,-9999,-9999,-9999,-10.1927,3,-15.1732,-9999,-9999,-9999,0,2.56612,3,-9999,2.52536,2.56612,2.5895,3,3,3,1.17949,1.18146,1.18759,1.19358,-1.38418,-1.39479,-1.38418,-1.33777,1.47346,0.665006,1.46822,1.49236,0.096477,0.206883,0.213083,0.21844
201901031400,201901031430,10.617,0,608.763,50.485,0,363.3,0,2.848,1,101.389,0,0.499,0,0.994,2,-9999,-9999,-9999,46.93,125.8,5.25,44.1,3.64,368.9,-9999,-9999,10.645,11.848,12.277,12.368,12.57,-9999,13.132,-9999,14.23,2,2,2,2,2,-9999,2,-9999,2,-9999,-9999,-9999,-9999,-9999,-9999,-9999,-9999,-9999,-9999,-9999,-9999,-9999,-9999,-9999,-9999,-9.90918,2.0,0.932212,3,1.38823,-9999,-9999,-9999,-6.97854,3,-10.3919,-9999,-9999,-9999,0,2.62067,3,-9999,2.63028,2.63028,2.65613,3,3,3,1.18754,1.1896,1.19599,1.20224,-1.43057,-1.45078,-1.43982,-1.43313,1.50597,0.679774,1.50063,1.52522,0.104716,0.224423,0.231124,0.236891
201901031430,201901031500,10.805,0,518.513,43.355,0,364.0,0,2.465,1,101.43,0,0.499,0,0.899,2,-9999,-9999,-9999,39.26,106.62,4.42,38.1,3.15,369.4,-9999,-9999,10.528,11.872,12.326,12.419,12.623,-9999,13.186,-9999,14.28,2,2,2,2,2,-9999,2,-9999,2,-9999,-9999,-9999,-9999,-9999,-9999,-9999,-9999,-9999,-9999,-9999,-9999,-9999,-9999,-9999,-9999,-12.193,2.0,-1.27958,3,-1.90557,-9999,-9999,-9999,-10.2546,3,-15.2708,-9999,-9999,-9999,0,2.60358,3,-9999,2.56018,2.60358,2.63044,3,3,3,1.19551,1.19765,1.2043,1.21081,-1.40541,-1.41649,-1.40541,-1.35588,1.53863,0.69461,1.53319,1.55822,0.0899716,0.19302,0.198821,0.203849
201901031500,201901031530,10.898,0,414.292,30.2,0,364.4,0,2.346,1,101.395,0,0.499,0,0.804,2,-9999,-9999,-9999,25.0,73.01,3.17,26.7,2.3,369.8,-9999,-9999,10.447,11.871,12.339,12.433,12.638,-9999,13.201,-9999,14.295,2,2,2,2,2,-9999,2,-9999,2,-9999,-9999,-9999,-9999,-9999,-9999,-9999,-9999,-9999,-9999,-9999,-9999,-9999,-9999,-9999,-9999,-13.1994,2.0,-3.22221,3,-4.79894,-9999,-9999,-9999,-11.759,3,-17.513,-9999,-9999,-9999,0,3.22985,3,-9999,3.15273,3.22985,3.31114,3,3,3,1.19945,1.20164,1.20842,1.21505,-2.02768,-2.06951,-2.02768,-1.94431,1.55496,0.702031,1.54947,1.57473,0.0627297,0.13483,0.138932,0.142531
201901031530,201901031600,11.01,0,297.883,17.405,0,364.6,0,3.549,1,101.339,0,0.499,0,1.101,2,-9999,-9999,-9999,11.28,40.99,1.91,15.3,1.63,370.0,-9999,-9999,10.408,11.905,12.383,12.477,12.684,-9999,13.25,-9999,14.338,2,2,2,2,2,-9999,2,-9999,2,-9999,-9999,-9999,-9999,-9999,-9999,-9999,-9999,-9999,-9999,-9999,-9999,-9999,-9999,-9999,-9999,-13.9949,2.0,-3.21591,3,-4.78982,-9999,-9999,-9999,-14.1128,3,-21.0183,-9999,-9999,-9999,0,2.58898,3,-9999,2.54837,2.57269,2.60248,3,3,3,1.2042,1.20643,1.21337,1.22016,-1.382,-1.382,-1.36239,-1.29944,1.57479,0.71104,1.56923,1.59476,0.0361851,0.0779185,0.0803168,0.082446
201901031600,201901031630,11.097,0,171.278,10.64,0,364.6,0,3.525,1,101.292,0,0.499,0,1.399,2,-9999,-9999,-9999,3.62,23.11,1.13,9.5,1.26,370.2,-9999,-9999,10.422,11.907,12.383,12.476,12.684,-9999,13.249,-9999,14.338,2,2,2,2,2,-9999,2,-9999,2,-9999,-9999,-9999,-9999,-9999,-9999,-9999,-9999,-9999,-9999,-9999,-9999,-9999,-9999,-9999,-9999,-13.8052,2.0,-3.44631,3,-5.133,-9999,-9999,-9999,-14.4336,3,-21.4952,-9999,-9999,-9999,0,2.59943,3,-9999,2.5583,2.57633,2.61298,3,3,3,1.20788,1.21016,1.21722,1.22413,-1.38872,-1.38872,-1.36844,-1.29728,1.59032,0.718094,1.58471,1.61045,0.0221311,0.047702,0.0491793,0.050499
201901031630,201901031700,11.215,0,40.4749,3.055,0,365.2,0,3.465,1,101.255,0,0.0,0,1.562,2,-9999,-9999,-9999,-4.22,5.13,0.32,2.7,0.83,370.5,-9999,-9999,10.444,11.907,12.379,12.473,12.68,-9999,13.245,-9999,14.334,2,2,2,2,2,-9999,2,-9999,2,-9999,-9999,-9999,-9999,-9999,-9999,-9999,-9999,-9999,-9999,-9999,-9999,-9999,-9999,-9999,-9999,-13.364,2.0,-3.44631,3,-5.13283,-9999,-9999,-9999,-14.4336,3,-21.4927,-9999,-9999,-9999,0,2.59943,3,-9999,2.5583,2.57633,2.61298,3,3,3,1.21289,1.21522,1.22244,1.22952,-1.38365,-1.38365,-1.36344,-1.29206,1.61154,0.727738,1.60586,1.63189,0.00635775,0.0137187,0.0141465,0.0145312
201901031700,201901031730,11.284,0,0.0,1.065,0,365.6,0,3.43,1,101.223,0,0.0,0,1.724,2,-9999,-9999,-9999,-6.11,0.15,0.09,1.0,0.64,370.7,-9999,-9999,10.461,11.91,12.38,12.473,12.679,-9999,13.244,-9999,14.333,2,2,2,2,2,-9999,2,-9999,2,-9999,-9999,-9999,-9999,-9999,-9999,-9999,-9999,-9999,-9999,-9999,-9999,-9999,-9999,-9999,-9999,-12.9506,2.0,-3.44631,3,-5.13283,-9999,-9999,-9999,-14.4336,3,-21.4917,-9999,-9999,-9999,1,2.59943,3,-9999,2.5583,2.57633,2.61298,3,3,3,1.21581,1.21817,1.2255,1.23267,-1.38069,-1.38069,-1.36052,-1.289,1.62404,0.733418,1.61832,1.64452,0.00221668,0.0047845,0.00493396,0.00506862
201901031730,201901031800,11.412,0,0.0,0.87,0,366.2,0,3.45,1,101.233,0,0.0,0,1.915,2,-9999,-9999,-9999,-6.14,-0.18,0.06,0.9,0.68,371.1,-9999,-9999,10.481,11.911,12.376,12.469,12.675,-9999,13.24,-9999,14.329,2,2,2,2,2,-9999,2,-9999,2,-9999,-9999,-9999,-9999,-9999,-9999,-9999,-9999,-9999,-9999,-9999,-9999,-9999,-9999,-9999,-9999,-12.9506,2.0,-3.44631,3,-5.13283,-9999,-9999,-9999,-14.4863,3,-21.5685,-9999,-9999,-9999,1,2.51072,3,-9999,2.46736,2.49016,2.52598,3,3,3,1.22124,1.22365,1.23116,1.23851,-1.28648,-1.28648,-1.26855,-1.19756,1.6474,0.744036,1.64161,1.66812,0.00181083,0.00390863,0.00403075,0.00414079
201901031800,201901031830,11.528,0,0.0,0.925,0,366.7,0,3.467,1,101.322,0,0.499,0,2.106,2,-9999,-9999,-9999,-5.84,-0.23,0.01,0.8,0.59,371.6,-9999,-9999,10.5,11.911,12.373,12.465,12.671,-9999,13.236,-9999,14.325,2,2,2,2,2,-9999,2,-9999,2,-9999,-9999,-9999,-9999,-9999,-9999,-9999,-9999,-9999,-9999,-9999,-9999,-9999,-9999,-9999,-9999,-12.9506,2.0,-3.44631,3,-5.13283,-9999,-9999,-9999,-14.4336,3,-21.4906,-9999,-9999,-9999,1,2.59943,3,-9999,2.5583,2.57633,2.61298,3,3,3,1.22615,1.22862,1.2363,1.24381,-1.37021,-1.37021,-1.35018,-1.2782,1.66877,0.75375,1.66292,1.68972,0.0019253,0.00415567,0.00428551,0.0044025
201901031830,201901031900,11.604,0,0.0,1.18,0,367.2,0,3.481,1,101.275,0,1.496,0,1.981,2,-9999,-9999,-9999,-5.45,-0.19,0.05,1.1,0.51,371.9,-9999,-9999,10.519,11.912,12.37,12.462,12.667,-9999,13.232,-9999,14.321,2,2,2,2,2,-9999,2,-9999,2,-9999,-9999,-9999,-9999,-9999,-9999,-9999,-9999,-9999,-9999,-9999,-9999,-9999,-9999,-9999,-9999,-12.591,2.0,-3.30768,3,-4.92636,-9999,-9999,-9999,-14.5843,3,-21.715,-9999,-9999,-9999,1,2.66207,3,-9999,2.62267,2.63735,2.67439,3,3,3,1.22938,1.23188,1.23966,1.24728,-1.42958,-1.42958,-1.40797,-1.33587,1.68288,0.760162,1.67698,1.70397,0.00245602,0.005301,0.00546659,0.00561574
201901031900,201901031930,11.714,0,0.0,1.1,0,367.9,0,3.494,1,101.213,0,1.496,0,1.857,2,-9999,-9999,-9999,-5.06,-0.19,0.06,1.0,0.36,372.4,-9999,-9999,10.536,11.912,12.367,12.459,12.663,-9999,13.228,-9999,14.317,2,2,2,2,2,-9999,2,-9999,2,-9999,-9999,-9999,-9999,-9999,-9999,-9999,-9999,-9999,-9999,-9999,-9999,-9999,-9999,-9999,-9999,-12.2561,2.0,-3.30768,3,-4.92636,-9999,-9999,-9999,-14.7066,3,-21.8971,-9999,-9999,-9999,1,2.68582,3,-9999,2.64746,2.66075,2.69757,3,3,3,1.23404,1.23659,1.24453,1.25231,-1.44861,-1.44861,-1.42671,-1.35499,1.70344,0.769509,1.69748,1.72474,0.00228952,0.0049417,0.00509607,0.00523514
201901031930,201901032000,11.981,0,0.0,1.075,0,368.5,0,3.504,1,101.187,0,1.496,0,1.955,2,-9999,-9999,-9999,-5.42,-0.18,0.06,0.9,0.37,373.4,-9999,-9999,10.553,11.912,12.364,12.455,12.659,-9999,13.224,-9999,14.313,2,2,2,2,2,-9999,2,-9999,2,-9999,-9999,-9999,-9999,-9999,-9999,-9999,-9999,-9999,-9999,-9999,-9999,-9999,-9999,-9999,-9999,-11.9416,2.0,-3.30768,3,-4.92603,-9999,-9999,-9999,-14.9573,3,-22.2695,-9999,-9999,-9999,1,2.70273,3,-9999,2.66526,2.67752,2.71403,3,3,3,1.24535,1.24803,1.25636,1.26451,-1.45405,-1.45405,-1.43217,-1.36061,1.75406,0.792522,1.74793,1.77588,0.00223749,0.00482941,0.00498028,0.00511619
201901032000,201901032030,12.377,0,0.0,1.075,0,370.4,0,3.511,1,101.167,0,1.995,0,2.052,2,-9999,-9999,-9999,-5.22,-0.18,0.07,0.9,0.47,375.0,-9999,-9999,10.57,11.913,12.361,12.452,12.656,-9999,13.221,-9999,14.31,2,2,2,2,2,-9999,2,-9999,2,-9999,-9999,-9999,-9999,-9999,-9999,-9999,-9999,-9999,-9999,-9999,-9999,-9999,-9999,-9999,-9999,-11.6447,2.0,-3.50521,3,-5.22021,-9999,-9999,-9999,-14.9962,3,-22.3275,-9999,-9999,-9999,1,2.70273,3,-9999,2.66526,2.67752,2.71403,3,3,3,1.26213,1.265,1.2739,1.28262,-1.43704,-1.43704,-1.41539,-1.34307,1.83101,0.827518,1.82465,1.85361,0.00223749,0.00482941,0.00498028,0.00511619
201901032030,201901032100,12.609,0,0.0,1.02,0,370.9,0,3.516,1,101.126,0,2.494,0,2.459,2,-9999,-9999,-9999,-5.8,-0.19,0.05,0.9,0.54,375.9,-9999,-9999,10.586,11.913,12.358,12.449,12.652,-9999,13.217,-9999,14.306,2,2,2,2,2,-9999,2,-9999,2,-9999,-9999,-9999,-9999,-9999,-9999,-9999,-9999,-9999,-9999,-9999,-9999,-9999,-9999,-9999,-9999,-11.3633,2.0,-3.50521,3,-5.22002,-9999,-9999,-9999,-14.9962,3,-22.3267,-9999,-9999,-9999,1,3.06127,3,-9999,3.02558,3.03008,3.06688,3,3,3,1.27196,1.27494,1.28418,1.29323,-1.78561,-1.78561,-1.75362,-1.67656,1.87715,0.848504,1.87065,1.90022,0.00212302,0.00458238,0.00472554,0.00485451
201901032100,201901032130,12.76,0,0.0,1.03,0,372.0,0,3.518,1,101.061,0,1.995,0,2.866,2,-9999,-9999,-9999,-5.33,-0.19,0.05,0.9,0.49,376.6,-9999,-9999,10.602,11.913,12.355,12.445,12.649,-9999,13.213,-9999,14.303,2,2,2,2,2,-9999,2,-9999,2,-9999,-9999,-9999,-9999,-9999,-9999,-9999,-9999,-9999,-9999,-9999,-9999,-9999,-9999,-9999,-9999,-11.3633,2.0,-2.65144,3,-3.94906,-9999,-9999,-9999,-15.2383,3,-22.6866,-9999,-9999,-9999,1,3.40905,3,-9999,3.36351,3.38378,3.4093,3,3,3,1.27836,1.2814,1.29087,1.30014,-2.12691,-2.12691,-2.08515,-2.0278,1.9076,0.862356,1.901,1.93097,0.00214383,0.0046273,0.00477186,0.00490209
201901032130,201901032200,13.066,0,0.0,0.98,0,372.7,0,3.519,1,100.956,0,1.995,0,3.04,2,-9999,-9999,-9999,-5.84,-0.19,0.05,0.8,0.5,377.8,-9999,-9999,10.617,11.913,12.352,12.442,12.645,-9999,13.21,-9999,14.299,2,2,2,2,2,-9999,2,-9999,2,-9999,-9999,-9999,-9999,-9999,-9999,-9999,-9999,-9999,-9999,-9999,-9999,-9999,-9999,-9999,-9999,-11.0943,2.0,-2.65144,3,-3.94938,-9999,-9999,-9999,-15.2383,3,-22.6874,-9999,-9999,-9999,1,3.40905,3,-9999,3.36351,3.38378,3.4093,3,3,3,1.29132,1.29451,1.30442,1.31415,-2.11377,-2.11377,-2.07219,-2.01137,1.97033,0.890899,1.96355,1.99433,0.00203977,0.00440272,0.00454027,0.00466419
201901032200,201901032230,13.4,0,0.0,0.985,0,374.8,0,3.52,1,100.901,0,2.494,0,3.214,2,-9999,-9999,-9999,-5.02,-0.21,0.03,0.8,0.49,379.1,-9999,-9999,10.632,11.913,12.349,12.439,12.642,-9999,13.207,-9999,14.296,2,2,2,2,2,-9999,2,-9999,2,-9999,-9999,-9999,-9999,-9999,-9999,-9999,-9999,-9999,-9999,-9999,-9999,-9999,-9999,-9999,-9999,-10.8394,2.0,7.3065,3,10.8877,-9999,-9999,-9999,-33.2555,3,-49.518,-9999,-9999,-9999,1,1.966,3,-9999,1.966,1.966,1.966,3,3,3,1.30546,1.30881,1.31922,1.32944,-0.656379,-0.657189,-0.646776,-0.636559,2.04039,0.92278,2.03339,2.06508,0.00205018,0.00442517,0.00456343,0.00468798
201901032230,201901032300,13.569,0,0.0,0.97,0,375.8,0,3.521,1,100.821,0,2.494,0,3.428,2,-9999,-9999,-9999,-4.81,-0.22,0.02,0.8,0.45,379.9,-9999,-9999,10.646,11.913,12.346,12.436,12.638,-9999,13.203,-9999,14.292,2,2,2,2,2,-9999,2,-9999,2,-9999,-9999,-9999,-9999,-9999,-9999,-9999,-9999,-9999,-9999,-9999,-9999,-9999,-9999,-9999,-9999,-10.5979,2.0,6.49367,3,9.67917,-9999,-9999,-9999,-32.528,3,-48.4495,-9999,-9999,-9999,1,1.904,3,-9999,1.904,1.904,1.904,3,3,3,1.31261,1.31604,1.32671,1.33718,-0.587125,-0.587955,-0.577288,-0.56682,2.07647,0.939202,2.06936,2.10152,0.00201896,0.0043578,0.00449395,0.00461661
201901032300,201901032330,13.752,0,0.0,1.015,0,377.3,0,3.521,1,100.731,0,2.993,0,3.641,2,-9999,-9999,-9999,-3.86,-0.22,0.02,0.8,0.39,380.6,-9999,-9999,10.66,11.914,12.344,12.433,12.635,-9999,13.2,-9999,14.289,2,2,2,2,2,-9999,2,-9999,2,-9999,-9999,-9999,-9999,-9999,-9999,-9999,-9999,-9999,-9999,-9999,-9999,-9999,-9999,-9999,-9999,-10.3689,2.0,6.75225,3,10.0668,-9999,-9999,-9999,-33.2602,3,-49.5431,-9999,-9999,-9999,1,1.8735,3,-9999,1.8735,1.8735,1.8735,3,3,3,1.32036,1.32388,1.33482,1.34556,-0.548772,-0.549623,-0.538679,-0.527938,2.11603,0.957207,2.10879,2.14146,0.00211261,0.00455992,0.00470238,0.00483072
201901032330,201901040000,14.155,0,0.0,0.98,0,379.3,0,3.522,1,100.65,0,4.489,0,3.869,2,-9999,-9999,-9999,-3.53,-0.23,0.01,0.8,0.29,382.4,-9999,-9999,10.674,11.914,12.341,12.431,12.632,-9999,13.196,-9999,14.286,2,2,2,2,2,-9999,2,-9999,2,-9999,-9999,-9999,-9999,-9999,-9999,-9999,-9999,-9999,-9999,-9999,-9999,-9999,-9999,-9999,-9999,-10.1507,2.0,6.6476,3,9.91016,-9999,-9999,-9999,-33.1526,3,-49.3819,-9999,-9999,-9999,1,1.844,3,-9999,1.844,1.844,1.844,3,3,3,1.3374,1.34112,1.35268,1.36402,-0.501983,-0.502881,-0.491325,-0.479977,2.20491,0.997677,2.19741,2.23122,0.00203977,0.00440272,0.00454027,0.00466419
201901040000,201901040030,14.309,0,0.0,1.015,0,380.4,0,3.522,1,100.622,0,1.496,0,4.096,2,-9999,-9999,-9999,-3.37,-0.24,-0.01,0.8,0.3,383.3,-9999,-9999,10.687,11.914,12.339,12.428,12.629,-9999,13.193,-9999,14.283,2,2,2,2,2,-9999,2,-9999,2,-9999,-9999,-9999,-9999,-9999,-9999,-9999,-9999,-9999,-9999,-9999,-9999,-9999,-9999,-9999,-9999,-10.1507,2.0,5.77683,3,8.61239,-9999,-9999,-9999,-30.6392,3,-45.633,-9999,-9999,-9999,1,1.5025,3,-9999,1.5025,1.5025,1.5025,3,3,3,1.34391,1.34771,1.3595,1.37108,-0.153878,-0.154795,-0.143002,-0.131421,2.23953,1.01344,2.23192,2.26617,0.00211261,0.00455992,0.00470238,0.00483072
201901040030,201901040100,14.664,0,0.0,0.99,0,380.6,0,3.522,1,100.539,0,0.499,0,4.17,2,-9999,-9999,-9999,-4.84,-0.25,-0.02,0.8,0.52,384.7,-9999,-9999,10.699,11.914,12.336,12.425,12.626,-9999,13.19,-9999,14.279,2,2,2,2,2,-9999,2,-9999,2,-9999,-9999,-9999,-9999,-9999,-9999,-9999,-9999,-9999,-9999,-9999,-9999,-9999,-9999,-9999,-9999,-10.1507,2.0,5.05186,3,7.52794,-9999,-9999,-9999,-27.5344,3,-40.9999,-9999,-9999,-9999,1,1.5025,3,-9999,1.5025,1.5025,1.5025,3,3,3,1.35892,1.36288,1.37522,1.38734,-0.138659,-0.139618,-0.127278,-0.115157,2.32073,1.05042,2.31287,2.34814,0.00206058,0.00444763,0.00458659,0.00471177
201901040100,201901040130,14.792,0,0.0,1.08,0,383.5,0,3.521,1,100.527,0,0.0,0,4.244,2,-9999,-9999,-9999,-2.42,-0.25,-0.04,0.8,0.58,385.3,-9999,-9999,10.712,11.914,12.334,12.423,12.622,-9999,13.187,-9999,14.276,2,2,2,2,2,-9999,2,-9999,2,-9999,-9999,-9999,-9999,-9999,-9999,-9999,-9999,-9999,-9999,-9999,-9999,-9999,-9999,-9999,-9999,-9.94877,2.0,4.63563,3,6.9064,-9999,-9999,-9999,-25.5149,3,-37.9758,-9999,-9999,-9999,1,1.03857,3,-9999,1.03857,1.03857,1.03857,3,3,3,1.36432,1.36835,1.38089,1.39321,0.330756,0.325753,0.331435,0.344516,2.35048,1.06397,2.34253,2.37818,0.00224789,0.00485187,0.00500344,0.00513998
201901040130,201901040200,14.908,0,0.0,1.02,0,384.1,0,3.518,1,100.409,0,0.499,0,4.054,2,-9999,-9999,-9999,-2.85,-0.25,-0.05,0.8,0.99,385.8,-9999,-9999,10.724,11.914,12.331,12.42,12.62,-9999,13.184,-9999,14.273,2,2,2,2,2,-9999,2,-9999,2,-9999,-9999,-9999,-9999,-9999,-9999,-9999,-9999,-9999,-9999,-9999,-9999,-9999,-9999,-9999,-9999,-9.75595,2.0,4.50178,3,6.70443,-9999,-9999,-9999,-26.1332,3,-38.8879,-9999,-9999,-9999,1,0.728,3,-9999,0.728,0.728,0.728,3,3,3,1.36922,1.37331,1.38603,1.39852,0.646297,0.641221,0.646984,0.660255,2.37766,1.07636,2.36963,2.40562,0.00212302,0.00458238,0.00472554,0.00485451
201901040200,201901040230,14.96,0,0.0,1.065,0,384.3,0,3.515,1,100.441,0,0.0,0,3.864,2,-9999,-9999,-9999,-2.5,-0.25,-0.05,0.8,0.83,385.9,-9999,-9999,10.735,11.914,12.329,12.417,12.616,-9999,13.181,-9999,14.27,2,2,2,2,2,-9999,2,-9999,2,-9999,-9999,-9999,-9999,-9999,-9999,-9999,-9999,-9999,-9999,-9999,-9999,-9999,-9999,-9999,-9999,-9.57333,2.0,4.5081,3,6.71246,-9999,-9999,-9999,-26.3804,3,-39.2509,-9999,-9999,-9999,1,0.863401,3,-9999,0.863401,0.863401,0.863401,3,3,3,1.37142,1.37553,1.38833,1.40091,0.513123,0.508016,0.513815,0.52717,2.38991,1.08194,2.38185,2.41799,0.00221668,0.0047845,0.00493396,0.00506862
201901040230,201901040300,15.417,0,0.0,0.935,0,386.1,0,3.511,1,100.44,0,0.0,0,3.692,2,-9999,-9999,-9999,-2.27,-0.25,-0.08,0.6,0.64,387.6,-9999,-9999,10.746,11.914,12.327,12.415,12.614,-9999,13.178,-9999,14.267,2,2,2,2,2,-9999,2,-9999,2,-9999,-9999,-9999,-9999,-9999,-9999,-9999,-9999,-9999,-9999,-9999,-9999,-9999,-9999,-9999,-9999,-9.40052,2.0,4.42191,3,6.58207,-9999,-9999,-9999,-26.5397,3,-39.4849,-9999,-9999,-9999,1,0.769957,3,-9999,0.769957,0.769957,0.769957,3,3,3,1.3907,1.39505,1.40856,1.42184,0.626137,0.620746,0.626866,0.64097,2.49941,1.13183,2.49102,2.52853,0.00194611,0.00420059,0.00433183,0.00445008
201901040300,201901040330,15.882,0,0.0,0.76,0,385.5,0,3.505,1,100.441,0,0.0,0,3.519,2,-9999,-9999,-9999,-5.41,-0.25,-0.11,0.6,1.03,389.4,-9999,-9999,10.757,11.913,12.324,12.412,12.61,-9999,13.175,-9999,14.264,2,2,2,2,2,-9999,2,-9999,2,-9999,-9999,-9999,-9999,-9999,-9999,-9999,-9999,-9999,-9999,-9999,-9999,-9999,-9999,-9999,-9999,-9.23616,2.0,4.28933,3,6.38442,-9999,-9999,-9999,-26.2413,3,-39.039,-9999,-9999,-9999,1,0.794955,3,-9999,0.794955,0.794955,0.794955,3,3,3,1.41031,1.41488,1.42913,1.44314,0.621034,0.619929,0.634177,0.638504,2.6142,1.18415,2.60547,2.64439,0.00158189,0.00341451,0.00352121,0.00361736
201901040330,201901040400,16.086,0,0.0,0.885,0,388.9,0,3.499,1,100.446,0,0.0,0,3.278,2,-9999,-9999,-9999,-2.53,-0.24,-0.09,0.8,0.6,390.5,-9999,-9999,10.767,11.913,12.322,12.41,12.608,-9999,13.172,-9999,14.261,2,2,2,2,2,-9999,2,-9999,2,-9999,-9999,-9999,-9999,-9999,-9999,-9999,-9999,-9999,-9999,-9999,-9999,-9999,-9999,-9999,-9999,-9.23616,2.0,4.26792,3,6.35086,-9999,-9999,-9999,-26.9432,3,-40.0824,-9999,-9999,-9999,1,0.833447,3,-9999,0.833447,0.833447,0.833447,3,3,3,1.4189,1.42358,1.43815,1.45249,0.591264,0.590134,0.604707,0.61855,2.66565,1.2076,2.65676,2.69632,0.00184205,0.003976,0.00410023,0.00421217
201901040400,201901040430,16.133,0,0.0,0.825,0,388.3,0,3.492,1,100.426,0,0.0,0,3.037,2,-9999,-9999,-9999,-3.98,-0.24,-0.09,0.8,1.23,390.5,-9999,-9999,10.777,11.913,12.32,12.407,12.605,-9999,13.169,-9999,14.258,2,2,2,2,2,-9999,2,-9999,2,-9999,-9999,-9999,-9999,-9999,-9999,-9999,-9999,-9999,-9999,-9999,-9999,-9999,-9999,-9999,-9999,-9.08102,2.0,4.24821,3,6.32172,-9999,-9999,-9999,-27.4083,3,-40.7744,-9999,-9999,-9999,1,1.0821,3,-9999,1.0821,1.0821,1.0821,3,3,3,1.42088,1.42558,1.44023,1.45464,0.34462,0.343484,0.358132,0.372047,2.67759,1.21305,2.66868,2.70837,0.00171717,0.00370649,0.00382231,0.00392666
201901040430,201901040500,15.898,0,0.0,1.125,0,384.4,0,3.486,1,100.445,0,0.0,0,3.407,2,-9999,-9999,-9999,-7.14,-0.24,-0.07,1.0,2.29,389.1,-9999,-9999,10.787,11.913,12.318,12.405,12.602,-9999,13.166,-9999,14.255,2,2,2,2,2,-9999,2,-9999,2,-9999,-9999,-9999,-9999,-9999,-9999,-9999,-9999,-9999,-9999,-9999,-9999,-9999,-9999,-9999,-9999,-8.93295,2.0,4.18267,3,6.22418,-9999,-9999,-9999,-27.275,3,-40.5761,-9999,-9999,-9999,1,1.02554,3,-9999,1.02554,1.02554,1.02554,3,3,3,1.41098,1.41557,1.42984,1.44388,0.391133,0.390026,0.4043,0.418337,2.61821,1.18598,2.60947,2.64844,0.00234155,0.00505398,0.00521186,0.00535408
201901040500,201901040530,15.627,0,0.0,1.335,0,376.0,0,1.135,0,100.504,0,0.0,0,3.777,2,-9999,-9999,93.61,-14.06,-0.24,-0.07,0.9,3.33,387.1,-9999,-9999,12.04,11.97,12.039,12.036,12.167,-9999,12.767,-9999,13.829,2,2,2,2,2,-9999,2,-9999,2,-9999,-9999,-9999,-9999,-9999,-9999,-9999,-9999,-9999,-9999,-9999,-9999,-9999,-9999,-9999,-9999,5.31372,2.0,15.8403,3,23.5721,-9999,-9999,-9999,-12.2754,3,-18.2617,-9999,-9999,-9999,1,5.31121,3,-9999,5.31121,5.31121,5.31121,3,3,3,1.39956,1.40401,1.41785,1.43146,-3.90613,-3.91165,-3.90613,-3.89093,2.55083,1.15526,2.54229,2.58043,0.0027786,0.00599712,0.00618442,0.00635312
201901040530,201901040600,15.066,0,0.0,0.435,0,361.0,0,2.255,0,100.533,0,0.0,0,3.598,2,-9999,-9999,86.84,-26.9,-0.24,-0.05,1.2,2.67,383.5,-9999,-9999,12.036,11.989,12.064,12.058,12.185,-9999,12.786,-9999,13.846,2,2,2,2,2,-9999,2,-9999,2,-9999,-9999,-9999,-9999,-9999,-9999,-9999,-9999,-9999,-9999,-9999,-9999,-9999,-9999,-9999,-9999,4.74809,2.0,17.3859,3,25.8724,-9999,-9999,-9999,-11.9249,3,-17.7403,-9999,-9999,-9999,1,5.3183,3,-9999,5.3183,5.3183,5.3183,3,3,3,1.37589,1.38006,1.39302,1.40576,-3.93723,-3.94241,-3.93723,-3.90618,2.41502,1.09338,2.40688,2.44334,0.000905443,0.0019545,0.00201559,0.00207066
201901040600,201901040630,14.204,0,0.0,0.125,0,345.4,0,2.653,0,100.564,0,0.0,0,3.42,2,-9999,-9999,83.63,-38.84,-0.2,0.0,1.3,2.19,379.6,-9999,-9999,11.636,11.935,12.177,12.251,12.427,-9999,12.988,-9999,14.08,2,2,2,2,2,-9999,2,-9999,2,-9999,-9999,-9999,-9999,-9999,-9999,-9999,-9999,-9999,-9999,-9999,-9999,-9999,-9999,-9999,-9999,2.98483,2.0,17.4036,3,25.8988,-9999,-9999,-9999,-9.55097,3,-14.2087,-9999,-9999,-9999,1,4.54818,3,-9999,4.54818,4.54818,4.54818,3,3,3,1.33947,1.34321,1.35485,1.36627,-3.20406,-3.20871,-3.20406,-3.17622,2.21589,1.00267,2.20835,2.2423,0.00026019,0.000561674,0.000579236,0.000595069
201901040630,201901040700,13.12,0,0.393746,1.17,0,342.2,0,2.227,0,100.581,0,0.0,0,3.221,2,-9999,-9999,85.25,-36.45,3.54,0.22,2.1,1.79,375.7,-9999,-9999,11.603,11.928,12.174,12.247,12.422,-9999,12.985,-9999,14.076,2,2,2,2,2,-9999,2,-9999,2,-9999,-9999,-9999,-9999,-9999,-9999,-9999,-9999,-9999,-9999,-9999,-9999,-9999,-9999,-9999,-9999,2.0062,2.0,13.3721,3,19.8992,-9999,-9999,-9999,-5.69179,3,-8.46795,-9999,-9999,-9999,0,4.90246,3,-9999,4.90246,4.90246,4.90246,3,3,3,1.29361,1.29682,1.30682,1.31662,-3.60486,-3.60885,-3.60486,-3.58096,1.98155,0.896002,1.97473,2.00566,0.0024352,0.00525609,0.00542027,0.00556817
201901040700,201901040730,12.243,0,79.1666,9.215,0,363.8,0,2.057,0,100.606,0,0.0,0,3.023,2,-9999,-9999,85.57,-3.17,18.21,1.07,8.1,1.6,374.3,-9999,-9999,11.583,11.929,12.18,12.253,12.43,-9999,12.993,-9999,14.083,2,2,2,2,2,-9999,2,-9999,2,-9999,-9999,-9999,-9999,-9999,-9999,-9999,-9999,-9999,-9999,-9999,-9999,-9999,-9999,-9999,-9999,2.0062,2.0,13.2357,3,19.6959,-9999,-9999,-9999,-3.22027,3,-4.79121,-9999,-9999,-9999,0,5.15028,3,-9999,5.15028,5.15028,5.15028,3,3,3,1.25646,1.25926,1.26796,1.27649,-3.89034,-3.89382,-3.89034,-3.86954,1.80472,0.81556,1.79844,1.82705,0.019169,0.041326,0.0426075,0.0437537
201901040730,201901040800,11.729,0,211.721,46.945,0,358.0,0,2.351,0,100.673,0,0.0,0,2.918,2,-9999,-9999,82.94,28.25,89.49,4.87,44.6,4.44,372.6,-9999,-9999,11.635,11.924,12.164,12.237,12.412,-9999,12.973,-9999,14.065,2,2,2,2,2,-9999,2,-9999,2,-9999,-9999,-9999,-9999,-9999,-9999,-9999,-9999,-9999,-9999,-9999,-9999,-9999,-9999,-9999,-9999,3.10096,2.0,17.3431,3,25.8078,-9999,-9999,-9999,-0.086,3,-0.127961,-9999,-9999,-9999,0,7.29108,3,-9999,7.29108,7.29108,7.29108,3,3,3,1.23467,1.23724,1.2452,1.25299,-6.05322,-6.05384,-6.04588,-6.03809,1.70625,0.770789,1.70028,1.72758,0.0973973,0.208843,0.2151,0.220503
201901040800,201901040830,11.064,0,335.573,47.215,0,354.6,0,2.519,0,100.744,0,0.0,0,2.813,2,-9999,-9999,80.9,27.51,92.85,5.12,44.9,4.32,370.4,-9999,-9999,11.632,11.929,12.171,12.244,12.419,-9999,12.981,-9999,14.073,2,2,2,2,2,-9999,2,-9999,2,-9999,-9999,-9999,-9999,-9999,-9999,-9999,-9999,-9999,-9999,-9999,-9999,-9999,-9999,-9999,-9999,3.02763,2.0,25.9839,3,38.6658,-9999,-9999,-9999,5.13556,3,7.64178,-9999,-9999,-9999,0,7.13561,3,-9999,7.13561,7.13561,7.13561,3,3,3,1.20649,1.20875,1.21576,1.22263,-5.92631,-5.92686,-5.91985,-5.91298,1.58441,0.715413,1.57883,1.60448,0.0979556,0.210032,0.216323,0.221754
201901040830,201901040900,10.435,0,448.605,62.66,0,349.3,0,2.495,0,100.794,0,0.0,0,3.075,2,-9999,-9999,80.27,41.84,133.8,7.2,57.4,5.38,368.0,-9999,-9999,11.567,11.921,12.186,12.262,12.45,-9999,13.008,-9999,14.106,2,2,2,2,2,-9999,2,-9999,2,-9999,-9999,-9999,-9999,-9999,-9999,-9999,-9999,-9999,-9999,-9999,-9999,-9999,-9999,-9999,-9999,4.54217,2.0,17.645,3,26.257,-9999,-9999,-9999,-0.64,3,-0.952381,-9999,-9999,-9999,0,0.545,3,-9999,0.545,0.545,2.07276,3,3,3,1.17983,1.18181,1.18794,1.19395,0.637287,-0.756286,0.636805,0.639328,1.47482,0.665623,1.46958,1.49374,0.129859,0.277827,0.286029,0.293005
201901040900,201901040930,10.203,0,548.881,92.535,0,348.7,0,2.751,0,100.841,0,0.0,0,3.338,2,-9999,-9999,77.91,71.34,197.7,10.71,86.9,7.43,367.5,-9999,-9999,11.431,11.894,12.183,12.265,12.45,-9999,13.005,-9999,14.106,2,2,2,2,2,-9999,2,-9999,2,-9999,-9999,-9999,-9999,-9999,-9999,-9999,-9999,-9999,-9999,-9999,-9999,-9999,-9999,-9999,-9999,1.5352,2.0,21.226,3,31.5889,-9999,-9999,-9999,2.91733,3,4.34168,-9999,-9999,-9999,0,0.791683,3,-9999,0.714564,0.791683,0.791683,3,3,3,1.17,1.17187,1.17769,1.18338,0.380646,0.380188,0.387023,0.468815,1.43576,0.647883,1.43064,1.45426,0.191373,0.407709,0.419414,0.429067
201901040930,201901041000,9.084,0,634.686,137.825,0,346.6,0,1.506,0,100.887,0,0.0,0,3.499,2,-9999,-9999,86.96,117.4,288.43,15.61,128.9,11.25,363.4,-9999,-9999,11.403,11.887,12.188,12.275,12.461,-9999,13.015,-9999,14.12,2,2,2,2,2,-9999,2,-9999,2,-9999,-9999,-9999,-9999,-9999,-9999,-9999,-9999,-9999,-9999,-9999,-9999,-9999,-9999,-9999,-9999,1.90275,2.0,1.73,3,2.57519,-9999,-9999,-9999,1.11067,3,1.65329,-9999,-9999,-9999,0,-0.633,3,-9999,-0.633,-0.633,3.98631,3,3,3,1.1226,1.124,1.12831,1.13252,1.75734,-2.66434,1.757,1.76206,1.2574,0.566921,1.25285,1.27397,0.284142,0.601522,0.618063,0.631029
201901041000,201901041030,9.541,0,704.552,137.585,0,342.4,0,2.317,0,100.865,0,0.0,0,3.661,2,-9999,-9999,80.55,111.15,290.19,15.86,129.2,11.32,365.5,-9999,-9999,11.403,11.887,12.188,12.275,12.461,-9999,13.015,-9999,14.12,2,2,2,2,2,-9999,2,-9999,2,-9999,-9999,-9999,-9999,-9999,-9999,-9999,-9999,-9999,-9999,-9999,-9999,-9999,-9999,-9999,-9999,1.90275,2.0,3.3665,3,5.01357,-9999,-9999,-9999,2.113,3,3.14677,-9999,-9999,-9999,0,0.353545,3,-9999,0.353545,0.353545,0.353545,3,3,3,1.14195,1.14354,1.14846,1.15327,0.790382,0.788406,0.790382,0.799724,1.32825,0.599075,1.32348,1.3456,0.283652,0.600504,0.617021,0.629973
201901041030,201901041100,9.692,0,757.284,160.605,0,342.4,0,2.584,0,100.861,0,0.0,0,3.851,2,-9999,-9999,78.52,133.99,340.72,18.4,148.7,12.62,366.2,-9999,-9999,11.463,11.897,12.183,12.264,12.446,-9999,13.001,-9999,14.102,2,2,2,2,2,-9999,2,-9999,2,-9999,-9999,-9999,-9999,-9999,-9999,-9999,-9999,-9999,-9999,-9999,-9999,-9999,-9999,-9999,-9999,2.0346,2.0,3.3665,3,5.01496,-9999,-9999,-9999,3.2245,3,4.80339,-9999,-9999,-9999,0,0.545697,3,-9999,0.545697,0.545697,0.545697,3,3,3,1.14835,1.15,1.15512,1.16013,0.604706,0.602649,0.604706,0.614435,1.35226,0.609974,1.34741,1.36987,0.330582,0.697629,0.716394,0.730704
201901041100,201901041130,9.874,0,791.979,160.28,0,342.8,0,2.669,0,100.829,0,0.0,0,4.041,2,-9999,-9999,78.09,131.53,340.34,18.78,146.9,12.53,367.1,-9999,-9999,11.524,11.904,12.177,12.257,12.435,-9999,12.99,-9999,14.089,2,2,2,2,2,-9999,2,-9999,2,-9999,-9999,-9999,-9999,-9999,-9999,-9999,-9999,-9999,-9999,-9999,-9999,-9999,-9999,-9999,-9999,2.0346,2.0,3.3665,3,5.01523,-9999,-9999,-9999,3.2245,3,4.80369,-9999,-9999,-9999,0,0.545697,3,-9999,0.545697,0.545697,0.545697,3,3,3,1.15606,1.15779,1.16316,1.16841,0.612514,0.610359,0.612514,0.62271,1.3816,0.623293,1.37666,1.39952,0.329921,0.696264,0.714999,0.729291
201901041130,201901041200,9.8,0,808.044,198.185,0,345.2,0,2.56,0,100.773,0,0.0,0,4.395,2,-9999,-9999,78.88,169.59,414.21,23.58,155.5,15.88,367.4,-9999,-9999,11.679,11.932,12.175,12.252,12.425,-9999,12.979,-9999,14.075,2,2,2,2,2,-9999,2,-9999,2,-9999,-9999,-9999,-9999,-9999,-9999,-9999,-9999,-9999,-9999,-9999,-9999,-9999,-9999,-9999,-9999,4.19125,2.0,28.4007,3,42.3065,-9999,-9999,-9999,19.062,3,28.3953,-9999,-9999,-9999,0,1.012,3,-9999,1.012,1.012,1.012,3,3,3,1.15292,1.15462,1.15989,1.16504,0.143036,0.140921,0.143036,0.153042,1.36962,0.617853,1.36471,1.38741,0.406874,0.854206,0.876349,0.892425
201901041200,201901041230,9.533,0,805.203,117.23,0,344.0,0,2.489,0,100.769,0,0.0,0,4.75,2,-9999,-9999,79.09,93.7,253.8,13.93,106.1,9.36,365.4,-9999,-9999,11.474,11.897,12.18,12.262,12.448,-9999,13.005,-9999,14.105,2,2,2,2,2,-9999,2,-9999,2,-9999,-9999,-9999,-9999,-9999,-9999,-9999,-9999,-9999,-9999,-9999,-9999,-9999,-9999,-9999,-9999,2.45669,2.0,23.519,3,35.0395,-9999,-9999,-9999,2.113,3,3.14803,-9999,-9999,-9999,0,0.353545,3,-9999,0.353545,0.353545,0.353545,3,3,3,1.14161,1.1432,1.14811,1.15291,0.790039,0.789652,0.79542,0.801744,1.32699,0.598502,1.32222,1.34432,0.242029,0.513844,0.528255,0.539823
201901041230,201901041300,9.553,0,783.506,156.905,0,337.6,0,3.228,0,100.772,0,0.0,0,4.762,2,-9999,-9999,72.92,126.06,331.98,18.17,143.6,12.35,365.7,-9999,-9999,11.403,11.887,12.188,12.275,12.461,-9999,13.015,-9999,14.12,2,2,2,2,2,-9999,2,-9999,2,-9999,-9999,-9999,-9999,-9999,-9999,-9999,-9999,-9999,-9999,-9999,-9999,-9999,-9999,-9999,-9999,1.90275,2.0,3.3665,3,5.01478,-9999,-9999,-9999,3.2245,3,4.80313,-9999,-9999,-9999,0,0.545697,3,-9999,0.545697,0.545697,0.545697,3,3,3,1.14246,1.14405,1.14899,1.15381,0.598745,0.596762,0.598745,0.608117,1.33015,0.599936,1.32537,1.34752,0.323049,0.682081,0.700494,0.7146
201901041300,201901041330,9.528,0,743.323,81.385,0,341.8,0,3.578,0,100.803,0,0.0,0,4.775,2,-9999,-9999,69.93,57.29,183.12,10.12,74.5,6.28,365.3,-9999,-9999,11.427,11.894,12.182,12.264,12.447,-9999,13.003,-9999,14.103,2,2,2,2,2,-9999,2,-9999,2,-9999,-9999,-9999,-9999,-9999,-9999,-9999,-9999,-9999,-9999,-9999,-9999,-9999,-9999,-9999,-9999,1.38978,2.0,-5.571,3,-8.29907,-9999,-9999,-9999,-19.8523,3,-29.5731,-9999,-9999,-9999,0,0.545,3,-9999,0.545,0.545,1.0712,3,3,3,1.1414,1.14298,1.14789,1.15268,0.59837,0.267766,0.5964,0.598649,1.3262,0.598143,1.32143,1.34352,0.168445,0.359425,0.369853,0.378554
201901041330,201901041400,8.607,0,685.343,173.04,0,317.9,0,3.058,0,100.813,0,0.0,0,4.569,2,-9999,-9999,72.65,122.96,361.23,20.66,119.5,14.22,361.9,-9999,-9999,11.347,11.935,12.259,12.347,12.539,-9999,13.098,-9999,14.194,2,2,2,2,2,-9999,2,-9999,2,-9999,-9999,-9999,-9999,-9999,-9999,-9999,-9999,-9999,-9999,-9999,-9999,-9999,-9999,-9999,-9999,0.480167,2.0,27.9768,3,41.6935,-9999,-9999,-9999,10.8647,3,16.1909,-9999,-9999,-9999,0,0.545697,3,-9999,0.545697,0.545697,0.545697,3,3,3,1.10242,1.10361,1.1073,1.11091,0.558209,0.556723,0.558209,0.565208,1.18631,0.534672,1.182,1.2021,0.355871,0.749709,0.769632,0.784586
201901041400,201901041430,8.714,0,610.556,245.695,0,316.5,0,3.482,0,100.809,0,0.0,0,4.363,2,-9999,-9999,69.09,188.67,491.97,29.23,156.9,21.32,362.8,-9999,-9999,11.27,12.105,12.483,12.57,12.778,-9999,13.342,-9999,14.414,2,2,2,2,2,-9999,2,-9999,2,-9999,-9999,-9999,-9999,-9999,-9999,-9999,-9999,-9999,-9999,-9999,-9999,-9999,-9999,-9999,-9999,-1.925,2.0,37.44,3,55.8249,-9999,-9999,-9999,26.9775,3,40.2235,-9999,-9999,-9999,0,0.355457,3,-9999,0.355457,0.355457,0.355457,3,3,3,1.10695,1.10818,1.11201,1.11575,0.75303,0.752726,0.756556,0.760294,1.202,0.541791,1.19764,1.21797,0.50276,1.04872,1.05923,1.08839
201901041430,201901041500,9.024,0,520.244,143.065,0,332.4,0,3.612,0,100.859,0,0.0,0,4.224,2,-9999,-9999,68.6,104.07,285.31,16.52,102.4,11.56,364.2,-9999,-9999,11.351,11.878,12.188,12.276,12.463,-9999,13.016,-9999,14.121,2,2,2,2,2,-9999,2,-9999,2,-9999,-9999,-9999,-9999,-9999,-9999,-9999,-9999,-9999,-9999,-9999,-9999,-9999,-9999,-9999,-9999,0.480167,2.0,1.73,3,2.57987,-9999,-9999,-9999,2.113,3,3.15093,-9999,-9999,-9999,0,0.353545,3,-9999,0.353545,0.353545,0.353545,3,3,3,1.12006,1.12143,1.12567,1.1298,0.768221,0.766518,0.768221,0.776256,1.24829,0.562791,1.24378,1.26477,0.294837,0.62371,0.640774,0.654069
201901041500,201901041530,8.87,0,415.951,83.33,0,335.2,0,3.598,0,100.902,0,0.0,0,4.086,2,-9999,-9999,68.39,52.32,170.74,9.56,76.2,6.84,362.6,-9999,-9999,11.259,11.921,12.253,12.338,12.529,-9999,13.085,-9999,14.181,2,2,2,2,2,-9999,2,-9999,2,-9999,-9999,-9999,-9999,-9999,-9999,-9999,-9999,-9999,-9999,-9999,-9999,-9999,-9999,-9999,-9999,-1.6918,2.0,-4.22833,3,-6.30664,-9999,-9999,-9999,-19.8523,3,-29.61,-9999,-9999,-9999,0,0.545,3,-9999,0.545,0.545,1.0712,3,3,3,1.11355,1.11485,1.11888,1.12282,0.570168,0.232949,0.568546,0.570402,1.22514,0.552289,1.22071,1.24137,0.172447,0.367864,0.378518,0.387388
201901041530,201901041600,8.79,0,299.461,57.725,0,335.3,0,3.437,0,100.949,0,0.0,0,3.965,2,-9999,-9999,69.64,27.8,117.93,6.48,54.6,4.65,362.1,-9999,-9999,11.17,11.852,12.186,12.272,12.464,-9999,13.021,-9999,14.124,2,2,2,2,2,-9999,2,-9999,2,-9999,-9999,-9999,-9999,-9999,-9999,-9999,-9999,-9999,-9999,-9999,-9999,-9999,-9999,-9999,-9999,-1.6918,2.0,14.1147,3,21.0557,-9999,-9999,-9999,-17.8056,3,-26.5596,-9999,-9999,-9999,0,1.12941,3,-9999,1.12941,1.12941,1.12941,3,3,3,1.11016,1.11143,1.11536,1.11919,-0.0176681,-0.0179799,-0.0140506,-0.0102164,1.21324,0.546888,1.20884,1.22933,0.119672,0.256213,0.263812,0.270307
201901041600,201901041630,8.662,0,172.768,25.545,0,335.6,0,3.274,0,100.983,0,0.0,0,3.844,2,-9999,-9999,70.83,-2.35,53.25,2.96,24.3,2.24,361.3,-9999,-9999,10.646,11.796,12.211,12.3,12.493,-9999,13.052,-9999,14.155,2,2,2,2,2,-9999,2,-9999,2,-9999,-9999,-9999,-9999,-9999,-9999,-9999,-9999,-9999,-9999,-9999,-9999,-9999,-9999,-9999,-9999,-10.1016,2.0,45.3697,3,67.6806,-9999,-9999,-9999,16.6897,3,24.894,-9999,-9999,-9999,0,5.739,3,-9999,5.739,5.739,5.739,3,3,3,1.10475,1.10596,1.10972,1.1134,-4.63274,-4.63304,-4.62928,-4.6256,1.19436,0.538323,1.19002,1.21024,0.0530779,0.114161,0.117649,0.120722
201901041630,201901041700,8.432,0,41.5544,8.44,0,335.7,0,3.268,0,101.008,0,0.0,0,4.02,2,-9999,-9999,70.43,-18.38,16.58,1.05,8.4,0.96,360.3,-9999,-9999,10.557,11.83,12.267,12.356,12.556,-9999,13.119,-9999,14.218,2,2,2,2,2,-9999,2,-9999,2,-9999,-9999,-9999,-9999,-9999,-9999,-9999,-9999,-9999,-9999,-9999,-9999,-9999,-9999,-9999,-9999,-11.1786,2.0,5.77683,2,8.61734,-9999,-9999,-9999,-30.6392,2,-45.6958,-9999,-9999,-9999,0,1.5025,2,-9999,1.5025,1.5025,1.5025,2,2,2,1.09502,1.09614,1.09961,1.10298,-0.406084,-0.40636,-0.402895,-0.399515,1.16095,0.523172,1.15672,1.17646,0.0175578,0.0378567,0.0390314,0.0400828
201901041700,201901041730,8.237,0,0.0,1.185,0,329.0,0,3.052,0,100.999,0,0.0,0,4.196,2,-9999,-9999,72.01,-31.53,1.08,0.18,1.8,0.5,359.2,-9999,-9999,10.511,11.819,12.263,12.352,12.552,-9999,13.114,-9999,14.214,2,2,2,2,2,-9999,2,-9999,2,-9999,-9999,-9999,-9999,-9999,-9999,-9999,-9999,-9999,-9999,-9999,-9999,-9999,-9999,-9999,-9999,-11.8722,2.0,5.05186,2,7.53589,-9999,-9999,-9999,-27.5344,2,-41.0634,-9999,-9999,-9999,1,1.5025,2,-9999,1.5025,1.5025,1.5025,2,2,2,1.08678,1.08782,1.09103,1.09417,-0.414427,-0.414684,-0.411468,-0.408333,1.13315,0.510565,1.12901,1.14835,0.00246642,0.00532346,0.00548974,0.00563953
201901041730,201901041800,8.022,0,0.0,0.435,0,320.8,0,2.804,0,101.004,0,0.0,0,3.93,2,-9999,-9999,73.91,-39.73,-0.09,0.12,1.3,0.7,358.0,-9999,-9999,10.531,11.833,12.276,12.365,12.566,-9999,13.127,-9999,14.226,2,2,2,2,2,-9999,2,-9999,2,-9999,-9999,-9999,-9999,-9999,-9999,-9999,-9999,-9999,-9999,-9999,-9999,-9999,-9999,-9999,-9999,-11.6766,2.0,5.05186,2,7.53589,-9999,-9999,-9999,-27.5344,2,-41.0601,-9999,-9999,-9999,1,1.5025,2,-9999,1.5025,1.5025,1.5025,2,2,2,1.07769,1.07864,1.08159,1.08445,-0.423621,-0.423857,-0.420914,-0.418047,1.10304,0.496914,1.099,1.11791,0.000905443,0.0019545,0.00201559,0.00207066
201901041800,201901041830,8.002,0,0.0,0.805,0,335.5,0,2.671,0,101.031,0,0.0,0,3.665,2,-9999,-9999,75.11,-24.46,-0.08,0.12,1.1,0.57,358.4,-9999,-9999,10.531,11.833,12.276,12.365,12.566,-9999,13.127,-9999,14.226,2,2,2,2,2,-9999,2,-9999,2,-9999,-9999,-9999,-9999,-9999,-9999,-9999,-9999,-9999,-9999,-9999,-9999,-9999,-9999,-9999,-9999,-11.6766,2.0,5.05186,2,7.53589,-9999,-9999,-9999,-27.5344,2,-41.0612,-9999,-9999,-9999,1,1.5025,2,-9999,1.5025,1.5025,1.5025,2,2,2,1.07685,1.07779,1.08071,1.08355,-0.424476,-0.42471,-0.421793,-0.418951,1.10027,0.495658,1.09624,1.1151,0.00167555,0.00361665,0.00372966,0.00383149
201901041830,201901041900,8.055,0,0.0,0.855,0,337.5,0,2.575,0,101.06,0,0.0,0,3.537,2,-9999,-9999,76.09,-22.49,-0.09,0.12,1.2,0.5,358.6,-9999,-9999,10.531,11.833,12.276,12.365,12.566,-9999,13.127,-9999,14.226,2,2,2,2,2,-9999,2,-9999,2,-9999,-9999,-9999,-9999,-9999,-9999,-9999,-9999,-9999,-9999,-9999,-9999,-9999,-9999,-9999,-9999,-11.6766,2.0,5.05186,2,7.53589,-9999,-9999,-9999,-27.5344,2,-41.0612,-9999,-9999,-9999,1,1.5025,2,-9999,1.5025,1.5025,1.5025,2,2,2,1.07909,1.08005,1.08303,1.08594,-0.42221,-0.422449,-0.419465,-0.416557,1.10762,0.498992,1.10357,1.12254,0.00177961,0.00384125,0.00396127,0.00406942
201901041900,201901041930,8.066,0,0.0,0.92,0,338.5,0,2.436,0,101.106,0,0.0,0,3.409,2,-9999,-9999,77.4,-21.48,-0.1,0.12,1.3,0.42,358.7,-9999,-9999,10.531,11.833,12.276,12.365,12.566,-9999,13.127,-9999,14.226,2,2,2,2,2,-9999,2,-9999,2,-9999,-9999,-9999,-9999,-9999,-9999,-9999,-9999,-9999,-9999,-9999,-9999,-9999,-9999,-9999,-9999,-11.6766,2.0,5.05186,2,7.53589,-9999,-9999,-9999,-27.5344,2,-41.0612,-9999,-9999,-9999,1,1.5025,2,-9999,1.5025,1.5025,1.5025,2,2,2,1.07955,1.08052,1.08352,1.08644,-0.42174,-0.42198,-0.418982,-0.41606,1.10916,0.499686,1.1051,1.12409,0.00191489,0.00413322,0.00426235,0.00437871
201901041930,201901042000,7.897,0,0.0,0.935,0,338.0,0,2.377,0,101.166,0,0.0,0,3.185,2,-9999,-9999,77.69,-21.29,-0.09,0.12,1.3,0.36,358.1,-9999,-9999,10.531,11.833,12.276,12.365,12.566,-9999,13.127,-9999,14.226,2,2,2,2,2,-9999,2,-9999,2,-9999,-9999,-9999,-9999,-9999,-9999,-9999,-9999,-9999,-9999,-9999,-9999,-9999,-9999,-9999,-9999,-11.6766,2.0,4.63563,2,6.91454,-9999,-9999,-9999,-25.5149,2,-38.0481,-9999,-9999,-9999,1,1.03857,2,-9999,1.03857,1.03857,1.03857,2,2,2,1.07241,1.07331,1.0761,1.07881,0.0349659,0.0338426,0.0351341,0.0380121,1.0858,0.489098,1.08182,1.10047,0.00194611,0.00420059,0.00433183,0.00445008
201901042000,201901042030,7.77,0,0.0,0.925,0,337.6,0,2.271,0,101.212,0,0.0,0,2.962,2,-9999,-9999,78.5,-21.23,-0.09,0.12,1.3,0.38,357.6,-9999,-9999,10.512,11.828,12.274,12.363,12.563,-9999,13.124,-9999,14.223,2,2,2,2,2,-9999,2,-9999,2,-9999,-9999,-9999,-9999,-9999,-9999,-9999,-9999,-9999,-9999,-9999,-9999,-9999,-9999,-9999,-9999,-11.6766,2.0,4.50178,2,6.7149,-9999,-9999,-9999,-26.1332,2,-38.9702,-9999,-9999,-9999,1,0.728,2,-9999,0.728,0.728,0.728,2,2,2,1.06705,1.0679,1.07052,1.07308,0.34011,0.33905,0.340269,0.342981,1.06848,0.481246,1.06455,1.08295,0.0019253,0.00415567,0.00428551,0.0044025
201901042030,201901042100,7.372,0,0.0,0.485,0,337.9,0,1.929,0,101.273,0,0.0,0,2.875,2,-9999,-9999,81.24,-21.08,-0.1,0.12,1.7,0.45,356.3,-9999,-9999,10.527,11.84,12.285,12.375,12.575,-9999,13.137,-9999,14.235,2,2,2,2,2,-9999,2,-9999,2,-9999,-9999,-9999,-9999,-9999,-9999,-9999,-9999,-9999,-9999,-9999,-9999,-9999,-9999,-9999,-9999,-11.5829,2.0,3.902,2,5.82005,-9999,-9999,-9999,-25.7124,2,-38.3412,-9999,-9999,-9999,1,0.77915,2,-9999,0.77915,0.77915,0.77915,2,2,2,1.05025,1.05094,1.05307,1.05515,0.271966,0.271105,0.2721,0.274294,1.01546,0.457218,1.01171,1.02933,0.00100951,0.00217913,0.00224724,0.00230863
201901042100,201901042130,6.992,0,0.0,0.235,0,336.0,0,1.356,0,101.336,0,0.0,0,2.788,2,-9999,-9999,86.46,-21.78,-0.09,0.11,1.2,0.85,354.8,-9999,-9999,10.528,11.855,12.304,12.395,12.596,-9999,13.159,-9999,14.254,2,2,2,2,2,-9999,2,-9999,2,-9999,-9999,-9999,-9999,-9999,-9999,-9999,-9999,-9999,-9999,-9999,-9999,-9999,-9999,-9999,-9999,-11.8446,2.0,3.4806,2,5.192,-9999,-9999,-9999,-24.8866,2,-37.1051,-9999,-9999,-9999,1,0.821243,2,-9999,0.821243,0.821243,0.821243,2,2,2,1.03424,1.03477,1.03644,1.03806,0.213668,0.212992,0.213778,0.215486,0.966603,0.435085,0.963015,0.979915,0.000489154,0.00105592,0.00108893,0.0011187
201901042130,201901042200,6.686,0,0.0,0.16,0,337.7,0,1.017,0,101.369,0,0.0,0,2.649,2,-9999,-9999,89.63,-19.64,-0.07,0.11,1.8,0.96,353.4,-9999,-9999,10.529,11.864,12.314,12.404,12.607,-9999,13.169,-9999,14.263,2,2,2,2,2,-9999,2,-9999,2,-9999,-9999,-9999,-9999,-9999,-9999,-9999,-9999,-9999,-9999,-9999,-9999,-9999,-9999,-9999,-9999,-11.9438,2.0,3.22233,2,4.80648,-9999,-9999,-9999,-23.9238,2,-35.666,-9999,-9999,-9999,1,0.769672,2,-9999,0.769672,0.769672,0.769672,2,2,2,1.02135,1.02177,1.02306,1.02432,0.252206,0.251677,0.252295,0.253618,0.928497,0.417826,0.925036,0.941368,0.000333043,0.000718937,0.000741415,0.000761681
201901042200,201901042230,6.561,0,0.0,0.0,0,332.8,0,0.883,0,101.339,0,0.0,0,2.51,2,-9999,-9999,90.92,-23.75,-0.08,0.1,1.1,0.9,353.0,-9999,-9999,10.529,11.864,12.314,12.404,12.607,-9999,13.169,-9999,14.263,2,2,2,2,2,-9999,2,-9999,2,-9999,-9999,-9999,-9999,-9999,-9999,-9999,-9999,-9999,-9999,-9999,-9999,-9999,-9999,-9999,-9999,-11.9438,2.0,3.22233,2,4.80779,-9999,-9999,-9999,-23.9238,2,-35.665,-9999,-9999,-9999,1,0.769672,2,-9999,0.769672,0.769672,0.769672,2,2,2,1.01609,1.01646,1.01761,1.01872,0.246886,0.246417,0.246968,0.248134,0.913243,0.410919,0.909834,0.925936,0.0,0.0,0.0,0.0
201901042230,201901042300,6.569,0,0.0,0.545,0,337.1,0,0.754,0,101.347,0,0.0,0,2.447,2,-9999,-9999,92.25,-18.56,-0.08,0.1,1.2,0.65,353.4,-9999,-9999,10.529,11.864,12.314,12.404,12.607,-9999,13.169,-9999,14.263,2,2,2,2,2,-9999,2,-9999,2,-9999,-9999,-9999,-9999,-9999,-9999,-9999,-9999,-9999,-9999,-9999,-9999,-9999,-9999,-9999,-9999,-11.9438,2.0,3.22233,2,4.80804,-9999,-9999,-9999,-23.9238,2,-35.6681,-9999,-9999,-9999,1,0.769672,2,-9999,0.769672,0.769672,0.769672,2,2,2,1.01643,1.0168,1.01796,1.01908,0.247226,0.246753,0.247309,0.248485,0.914214,0.411358,0.910801,0.926918,0.0011344,0.00244868,0.00252521,0.00259419
201901042300,201901042330,6.519,0,0.0,0.79,0,337.8,0,0.613,0,101.34,0,0.0,0,2.384,2,-9999,-9999,93.68,-17.46,-0.07,0.11,1.6,0.64,353.1,-9999,-9999,10.527,11.87,12.322,12.412,12.615,-9999,13.178,-9999,14.272,2,2,2,2,2,-9999,2,-9999,2,-9999,-9999,-9999,-9999,-9999,-9999,-9999,-9999,-9999,-9999,-9999,-9999,-9999,-9999,-9999,-9999,-11.9438,2.0,2.91479,2,4.34914,-9999,-9999,-9999,-23.1,2,-34.4343,-9999,-9999,-9999,1,0.6918,2,-9999,0.6918,0.6918,0.6918,2,2,2,1.01432,1.01468,1.01577,1.01684,0.322971,0.322522,0.32305,0.324165,0.908158,0.408616,0.904766,0.920792,0.00164433,0.00354927,0.00366018,0.00376012
201901042330,201901050000,6.552,0,0.0,0.46,0,338.4,0,0.473,0,101.351,0,0.0,0,2.403,2,-9999,-9999,95.13,-17.35,-0.08,0.1,1.2,0.97,353.0,-9999,-9999,10.529,11.864,12.314,12.404,12.607,-9999,13.169,-9999,14.263,2,2,2,2,2,-9999,2,-9999,2,-9999,-9999,-9999,-9999,-9999,-9999,-9999,-9999,-9999,-9999,-9999,-9999,-9999,-9999,-9999,-9999,-11.9438,2.0,2.91479,2,4.34804,-9999,-9999,-9999,-23.1,2,-34.4299,-9999,-9999,-9999,1,0.6918,2,-9999,0.6918,0.6918,0.6918,2,2,2,1.01571,1.01608,1.01721,1.01831,0.324374,0.32391,0.324456,0.325611,0.912151,0.410424,0.908745,0.924832,0.000957478,0.00206681,0.00213141,0.00218964
201901050000,201901050030,6.663,0,0.0,0.415,0,338.9,0,0.475,0,101.363,0,0.0,0,2.422,2,-9999,-9999,95.15,-17.23,-0.08,0.1,1.2,0.96,353.4,-9999,-9999,10.529,11.864,12.314,12.404,12.607,-9999,13.169,-9999,14.263,2,2,2,2,2,-9999,2,-9999,2,-9999,-9999,-9999,-9999,-9999,-9999,-9999,-9999,-9999,-9999,-9999,-9999,-9999,-9999,-9999,-9999,-11.9438,2.0,2.91479,2,4.3478,-9999,-9999,-9999,-23.1,2,-34.4208,-9999,-9999,-9999,1,0.6918,2,-9999,0.6918,0.6918,0.6918,2,2,2,1.02038,1.02079,1.02206,1.02329,0.329098,0.328581,0.329187,0.330481,0.925676,0.416549,0.922225,0.938515,0.000863815,0.00186464,0.00192293,0.00197547
201901050030,201901050100,6.904,0,0.0,0.42,0,338.9,0,0.571,0,101.382,0,0.0,0,2.521,2,-9999,-9999,94.26,-17.82,-0.08,0.09,1.1,0.86,354.2,-9999,-9999,10.529,11.864,12.314,12.404,12.607,-9999,13.169,-9999,14.263,2,2,2,2,2,-9999,2,-9999,2,-9999,-9999,-9999,-9999,-9999,-9999,-9999,-9999,-9999,-9999,-9999,-9999,-9999,-9999,-9999,-9999,-11.9438,2.0,3.06254,2,4.56524,-9999,-9999,-9999,-23.5976,2,-35.1494,-9999,-9999,-9999,1,0.661284,2,-9999,0.661284,0.661284,0.661284,2,2,2,1.03053,1.03103,1.03259,1.0341,0.369878,0.369244,0.369981,0.371578,0.955533,0.43007,0.951982,0.968717,0.000874222,0.00188711,0.00194609,0.00199926
201901050100,201901050130,7.188,0,0.0,0.585,0,329.0,0,0.887,0,101.409,0,0.0,0,2.619,2,-9999,-9999,91.26,-28.14,-0.09,0.1,1.2,0.81,354.9,-9999,-9999,10.536,11.85,12.297,12.386,12.587,-9999,13.149,-9999,14.246,2,2,2,2,2,-9999,2,-9999,2,-9999,-9999,-9999,-9999,-9999,-9999,-9999,-9999,-9999,-9999,-9999,-9999,-9999,-9999,-9999,-9999,-11.574,2.0,3.34033,2,4.97804,-9999,-9999,-9999,-23.6135,2,-35.154,-9999,-9999,-9999,1,0.487383,2,-9999,0.487383,0.487383,0.487383,2,2,2,1.0425,1.04311,1.04502,1.04687,0.555884,0.555113,0.556006,0.557964,0.991588,0.446403,0.987917,1.00519,0.00121765,0.00262838,0.00271052,0.00278456
201901050130,201901050200,7.375,0,0.0,0.735,0,326.2,0,1.232,0,101.437,0,0.0,0,2.814,2,-9999,-9999,88.02,-31.1,-0.09,0.1,1.1,0.77,355.4,-9999,-9999,10.527,11.84,12.285,12.375,12.575,-9999,13.137,-9999,14.235,2,2,2,2,2,-9999,2,-9999,2,-9999,-9999,-9999,-9999,-9999,-9999,-9999,-9999,-9999,-9999,-9999,-9999,-9999,-9999,-9999,-9999,-11.5829,2.0,3.6859,2,5.49041,-9999,-9999,-9999,-24.8385,2,-36.9631,-9999,-9999,-9999,1,0.534723,2,-9999,0.534723,0.534723,0.534723,2,2,2,1.05038,1.05107,1.0532,1.05528,0.516521,0.515658,0.516655,0.518853,1.01585,0.457396,1.0121,1.02973,0.00152985,0.00330221,0.0034054,0.00349839
201901050200,201901050230,7.365,0,0.0,0.45,0,313.0,0,1.363,0,101.476,0,0.0,0,3.009,2,-9999,-9999,86.74,-44.51,-0.1,0.11,1.3,0.71,355.0,-9999,-9999,10.527,11.84,12.285,12.375,12.575,-9999,13.137,-9999,14.235,2,2,2,2,2,-9999,2,-9999,2,-9999,-9999,-9999,-9999,-9999,-9999,-9999,-9999,-9999,-9999,-9999,-9999,-9999,-9999,-9999,-9999,-11.5829,2.0,3.6859,2,5.48828,-9999,-9999,-9999,-24.8385,2,-36.9524,-9999,-9999,-9999,1,0.534723,2,-9999,0.534723,0.534723,0.534723,2,2,2,1.04996,1.05065,1.05277,1.05483,0.516095,0.515236,0.516228,0.518413,1.01454,0.456803,1.01079,1.0284,0.000936664,0.00202189,0.00208508,0.00214205
201901050230,201901050300,7.054,0,0.0,0.0,0,277.4,0,1.247,0,101.536,0,0.0,0,2.893,2,-9999,-9999,87.6,-80.1,-0.07,0.1,1.6,0.94,352.9,-9999,-9999,10.528,11.855,12.304,12.395,12.596,-9999,13.159,-9999,14.254,2,2,2,2,2,-9999,2,-9999,2,-9999,-9999,-9999,-9999,-9999,-9999,-9999,-9999,-9999,-9999,-9999,-9999,-9999,-9999,-9999,-9999,-11.8446,2.0,3.4806,2,5.18018,-9999,-9999,-9999,-24.8866,2,-37.0175,-9999,-9999,-9999,1,0.821243,2,-9999,0.821243,0.821243,0.821243,2,2,2,1.03685,1.03741,1.03915,1.04084,0.216311,0.215605,0.216424,0.218211,0.974458,0.438643,0.970843,0.98786,0.0,0.0,0.0,0.0
201901050300,201901050330,6.689,0,0.0,0.0,0,272.9,0,1.028,0,101.575,0,0.0,0,2.777,2,-9999,-9999,89.52,-83.6,-0.06,0.1,1.4,1.2,351.4,-9999,-9999,10.529,11.864,12.314,12.404,12.607,-9999,13.169,-9999,14.263,2,2,2,2,2,-9999,2,-9999,2,-9999,-9999,-9999,-9999,-9999,-9999,-9999,-9999,-9999,-9999,-9999,-9999,-9999,-9999,-9999,-9999,-11.9438,2.0,3.22233,2,4.79516,-9999,-9999,-9999,-23.9238,2,-35.5801,-9999,-9999,-9999,1,0.769672,2,-9999,0.769672,0.769672,0.769672,2,2,2,1.02148,1.0219,1.0232,1.02446,0.252333,0.251803,0.252423,0.25375,0.928865,0.417993,0.925403,0.94174,0.0,0.0,0.0,0.0
201901050330,201901050400,6.439,0,0.0,0.0,0,271.4,0,0.864,0,101.591,0,0.0,0,2.724,2,-9999,-9999,91.04,-84.42,-0.08,0.09,1.4,1.33,350.4,-9999,-9999,10.518,11.869,12.322,12.413,12.615,-9999,13.178,-9999,14.272,2,2,2,2,2,-9999,2,-9999,2,-9999,-9999,-9999,-9999,-9999,-9999,-9999,-9999,-9999,-9999,-9999,-9999,-9999,-9999,-9999,-9999,-12.1061,2.0,3.22233,2,4.79341,-9999,-9999,-9999,-23.9238,2,-35.5769,-9999,-9999,-9999,1,0.769672,2,-9999,0.769672,0.769672,0.769672,2,2,2,1.01096,1.01128,1.01228,1.01325,0.241695,0.241285,0.24177,0.242786,0.898528,0.404256,0.895169,0.91105,0.0,0.0,0.0,0.0
201901050400,201901050430,6.2,0,0.0,0.0,0,270.1,0,0.73,0,101.595,0,0.0,0,2.672,2,-9999,-9999,92.3,-84.92,-0.06,0.09,1.4,1.47,349.4,-9999,-9999,10.488,11.888,12.349,12.441,12.645,-9999,13.209,-9999,14.3,2,2,2,2,2,-9999,2,-9999,2,-9999,-9999,-9999,-9999,-9999,-9999,-9999,-9999,-9999,-9999,-9999,-9999,-9999,-9999,-9999,-9999,-12.8574,2.0,3.22233,2,4.79313,-9999,-9999,-9999,-23.1616,2,-34.4439,-9999,-9999,-9999,1,0.769672,2,-9999,0.769672,0.769672,0.769672,2,2,2,1.00091,1.00114,1.00186,1.00256,0.231536,0.231237,0.231595,0.232317,0.870195,0.391429,0.866931,0.882384,0.0,0.0,0.0,0.0
201901050430,201901050500,5.982,0,0.0,0.0,0,269.4,0,0.656,0,101.592,0,0.0,0,2.612,2,-9999,-9999,92.98,-85.02,-0.06,0.1,1.4,1.5,348.7,-9999,-9999,10.479,11.891,12.355,12.447,12.651,-9999,13.215,-9999,14.305,2,2,2,2,2,-9999,2,-9999,2,-9999,-9999,-9999,-9999,-9999,-9999,-9999,-9999,-9999,-9999,-9999,-9999,-9999,-9999,-9999,-9999,-13.0721,2.0,2.89033,2,4.29929,-9999,-9999,-9999,-21.917,2,-32.593,-9999,-9999,-9999,1,1.00139,2,-9999,0.894867,1.00139,1.00139,2,2,2,0.991753,0.991905,0.992371,0.992818,-0.00944102,-0.0094853,-0.0090192,0.264195,0.844913,0.379986,0.841734,0.856804,0.0,0.0,0.0,0.0
201901050500,201901050530,5.831,0,0.0,0.0,0,269.0,0,0.466,0,101.624,0,0.0,0,2.552,2,-9999,-9999,94.96,-84.77,-0.07,0.1,1.4,1.66,348.0,-9999,-9999,10.479,11.891,12.355,12.447,12.651,-9999,13.215,-9999,14.305,2,2,2,2,2,-9999,2,-9999,2,-9999,-9999,-9999,-9999,-9999,-9999,-9999,-9999,-9999,-9999,-9999,-9999,-9999,-9999,-9999,-9999,-13.0721,2.0,2.89033,2,4.29929,-9999,-9999,-9999,-21.917,2,-32.593,-9999,-9999,-9999,1,1.00139,2,-9999,0.894867,1.00139,1.00139,2,2,2,0.985415,0.98551,0.985802,0.986079,-0.0158488,-0.0158795,-0.0155879,0.256336,0.827714,0.372202,0.824593,0.839401,0.0,0.0,0.0,0.0
201901050530,201901050600,5.774,0,0.0,0.0,0,266.4,0,0.473,0,101.677,0,0.0,0,2.393,2,-9999,-9999,94.86,-87.06,-0.07,0.1,1.4,1.68,347.7,-9999,-9999,10.47,11.894,12.36,12.451,12.657,-9999,13.22,-9999,14.31,2,2,2,2,2,-9999,2,-9999,2,-9999,-9999,-9999,-9999,-9999,-9999,-9999,-9999,-9999,-9999,-9999,-9999,-9999,-9999,-9999,-9999,-13.2841,2.0,2.89033,2,4.29929,-9999,-9999,-9999,-21.917,2,-32.593,-9999,-9999,-9999,1,1.00139,2,-9999,0.894867,1.00139,1.00139,2,2,2,0.983023,0.983098,0.983324,0.983537,-0.0182666,-0.0182922,-0.0180661,0.253371,0.821287,0.369294,0.818188,0.832897,0.0,0.0,0.0,0.0
201901050600,201901050630,5.527,0,0.0,0.0,0,263.8,0,0.425,0,101.716,0,0.0,0,2.234,2,-9999,-9999,95.31,-88.69,-0.03,0.09,1.4,1.43,346.9,-9999,-9999,10.456,11.897,12.365,12.458,12.663,-9999,13.226,-9999,14.317,2,2,2,2,2,-9999,2,-9999,2,-9999,-9999,-9999,-9999,-9999,-9999,-9999,-9999,-9999,-9999,-9999,-9999,-9999,-9999,-9999,-9999,-13.3854,2.0,2.89033,2,4.29929,-9999,-9999,-9999,-21.917,2,-32.593,-9999,-9999,-9999,1,1.00139,2,-9999,0.894867,1.00139,1.00139,2,2,2,0.972666,0.972555,0.97265,0.972666,-0.0287363,-0.0287958,-0.0287236,0.240481,0.793851,0.35688,0.790846,0.805134,0.0,0.0,0.0,0.0
201901050630,201901050700,5.3,0,0.182592,1.975,0,282.4,0,0.318,0,101.747,0,0.0,0,2.122,2,-9999,-9999,96.43,-66.44,5.2,0.37,3.1,1.69,346.6,-9999,-9999,10.438,11.9,12.373,12.466,12.671,-9999,13.235,-9999,14.325,2,2,2,2,2,-9999,2,-9999,2,-9999,-9999,-9999,-9999,-9999,-9999,-9999,-9999,-9999,-9999,-9999,-9999,-9999,-9999,-9999,-9999,-13.7887,2.0,2.89033,2,4.29929,-9999,-9999,-9999,-21.917,2,-32.5943,-9999,-9999,-9999,0,1.00139,2,-9999,0.894867,1.00139,1.00139,2,2,2,0.963158,0.962548,0.963043,0.963158,-0.0383473,-0.0386432,-0.0383315,0.228646,0.769223,0.346654,0.766302,0.780211,0.00411047,0.00887093,0.00914783,0.00939708
201901050700,201901050730,5.304,0,76.1592,16.45,0,321.3,0,0.321,0,101.803,0,0.0,0,2.009,2,-9999,-9999,96.4,-12.53,36.74,1.97,15.2,1.93,348.2,-9999,-9999,10.444,11.897,12.368,12.46,12.666,-9999,13.23,-9999,14.32,2,2,2,2,2,-9999,2,-9999,2,-9999,-9999,-9999,-9999,-9999,-9999,-9999,-9999,-9999,-9999,-9999,-9999,-9999,-9999,-9999,-9999,-13.7887,2.0,2.89033,2,4.29929,-9999,-9999,-9999,-21.917,2,-32.5957,-9999,-9999,-9999,0,1.00139,2,-9999,0.894867,1.00139,1.00139,2,2,2,0.963325,0.962724,0.963212,0.963325,-0.038178,-0.0384697,-0.0381623,0.228855,0.769653,0.346819,0.76673,0.780645,0.0342019,0.0736582,0.0759274,0.0779437
201901050730,201901050800,5.14,0,209.063,60.585,0,313.8,0,0.413,0,101.855,0,0.0,0,1.83,2,-9999,-9999,95.31,22.3,124.99,6.94,52.3,5.37,348.0,-9999,-9999,11.244,12.217,12.622,12.711,12.924,-9999,13.495,-9999,14.552,2,2,2,2,2,-9999,2,-9999,2,-9999,-9999,-9999,-9999,-9999,-9999,-9999,-9999,-9999,-9999,-9999,-9999,-9999,-9999,-9999,-9999,-16.3989,2.0,-3.5345,2,-5.25747,-9999,-9999,-9999,-8.63967,2,-12.8498,-9999,-9999,-9999,0,0.545,2,-9999,0.545,0.545,2.37475,2,2,3,0.956462,0.955503,0.956271,0.956462,0.411275,-1.41966,0.410728,0.411275,0.7522,0.340135,0.749337,0.762981,0.125577,0.268744,0.276694,0.283469
201901050800,201901050830,5.139,0,333.331,135.235,0,296.7,0,0.613,0,101.885,0,0.0,0,1.652,2,-9999,-9999,93.04,75.2,280.84,16.22,99.4,12.07,348.4,-9999,-9999,10.179,11.284,11.705,11.8,11.992,-9999,12.545,-9999,13.626,2,2,2,2,2,-9999,2,-9999,2,-9999,-9999,-9999,-9999,-9999,-9999,-9999,-9999,-9999,-9999,-9999,-9999,-9999,-9999,-9999,-9999,-10.1002,2.0,4.43733,2,6.60041,-9999,-9999,-9999,3.979,2,5.91828,-9999,-9999,-9999,0,-0.633,2,-9999,-0.633,-0.633,-0.633,2,2,2,0.95642,0.955459,0.956229,0.95642,1.58923,1.58804,1.58877,1.58923,0.752094,0.340095,0.749232,0.762874,0.278852,0.590537,0.606816,0.619617
201901050830,201901050900,5.934,0,446.839,284.755,0,270.5,0,1.175,0,101.915,0,0.0,0,1.682,2,-9999,-9999,87.38,177.58,592.17,36.57,64.5,25.43,352.6,-9999,-9999,11.096,11.766,12.102,12.176,12.363,-9999,12.97,-9999,14.038,2,2,2,2,2,-9999,2,-9999,2,-9999,-9999,-9999,-9999,-9999,-9999,-9999,-9999,-9999,-9999,-9999,-9999,-9999,-9999,-9999,-9999,-8.28175,2.0,57.408,3,85.3928,-9999,-9999,-9999,81.7875,3,121.654,-9999,-9999,-9999,0,1.21096,3,-9999,1.21096,1.21096,1.21096,3,3,3,0.989738,0.989872,0.990282,0.990675,-0.221048,-0.221088,-0.220678,-0.220285,0.839419,0.377499,0.836259,0.851245,0.581123,1.10543,1.21267,1.24912
201901050900,201901050930,6.901,0,547.643,373.74,0,269.6,0,1.959,0,101.962,0,0.0,0,1.712,2,-9999,-9999,80.32,254.72,756.48,44.75,41.7,31.96,356.9,-9999,-9999,10.671,12.017,12.491,12.588,12.809,-9999,13.383,-9999,14.457,2,2,2,2,2,-9999,2,-9999,2,-9999,-9999,-9999,-9999,-9999,-9999,-9999,-9999,-9999,-9999,-9999,-9999,-9999,-9999,-9999,-9999,0.4755,2.0,24.28,3,36.1227,-9999,-9999,-9999,96.437,3,143.472,-9999,-9999,-9999,0,9.884,3,-9999,9.884,9.884,9.884,3,3,3,1.0304,1.03091,1.03246,1.03397,-8.85297,-8.85309,-8.85154,-8.85003,0.955157,0.4299,0.951607,0.968337,0.758083,1.12456,1.56189,1.60455
201901050930,201901051000,7.894,0,634.019,443.21,0,272.7,0,2.608,0,101.981,0,0.0,0,1.723,2,-9999,-9999,75.52,319.9,879.3,52.76,44.6,37.42,361.9,-9999,-9999,10.394,11.194,11.55,11.655,11.87,-9999,12.455,-9999,13.578,2,2,2,2,2,-9999,2,-9999,2,-9999,-9999,-9999,-9999,-9999,-9999,-9999,-9999,-9999,-9999,-9999,-9999,-9999,-9999,-9999,-9999,0.6854,2.0,43.038,3,64.0489,-9999,-9999,-9999,197.501,3,293.918,-9999,-9999,-9999,0,11.517,3,-9999,11.517,11.517,11.517,3,3,3,1.07229,1.07318,1.07597,1.07867,-10.4436,-10.4438,-10.441,-10.4383,1.08539,0.488911,1.0814,1.10005,0.894745,1.1344,1.82558,1.87057
201901051000,201901051030,8.594,0,704.489,498.16,0,274.9,0,2.885,0,101.967,0,0.0,0,1.734,2,-9999,-9999,74.18,376.11,981.89,58.33,44.9,41.61,364.9,-9999,-9999,10.525,11.304,11.661,11.761,11.957,-9999,12.549,-9999,13.661,2,2,2,2,2,-9999,2,-9999,2,-9999,-9999,-9999,-9999,-9999,-9999,-9999,-9999,-9999,-9999,-9999,-9999,-9999,-9999,-9999,-9999,-0.133,2.0,50.679,3,75.4623,-9999,-9999,-9999,139.323,3,207.454,-9999,-9999,-9999,0,0.504261,3,-9999,0.504261,0.504261,0.504261,3,3,3,1.10187,1.10306,1.10673,1.11032,0.599088,0.598796,0.602471,0.606056,1.18441,0.533812,1.18011,1.20019,1.00193,1.14033,2.02884,2.07331
201901051030,201901051100,9.757,0,757.847,544.655,0,277.7,0,3.796,0,101.942,0,0.0,0,1.667,2,-9999,-9999,68.59,417.92,1059.53,65.65,46.6,45.29,369.7,-9999,-9999,11.688,12.078,12.391,12.485,12.691,-9999,13.255,-9999,14.338,2,2,2,2,2,-9999,2,-9999,2,-9999,-9999,-9999,-9999,-9999,-9999,-9999,-9999,-9999,-9999,-9999,-9999,-9999,-9999,-9999,-9999,1.85367,2.0,52.4087,3,78.0663,-9999,-9999,-9999,126.426,3,188.319,-9999,-9999,-9999,0,0.76281,3,-9999,0.76281,0.76281,0.76281,3,3,3,1.1511,1.15278,1.15799,1.16309,0.390381,0.389971,0.395183,0.400277,1.36269,0.614708,1.3578,1.38041,1.09201,1.14444,2.19729,2.24052
201901051100,201901051130,10.774,0,793.181,579.44,0,280.9,0,4.858,0,101.917,0,0.0,0,1.601,2,-9999,-9999,62.44,448.53,1111.65,66.04,53.0,45.65,374.3,-9999,-9999,11.899,12.11,12.395,12.488,12.692,-9999,13.255,-9999,14.337,2,2,2,2,2,-9999,2,-9999,2,-9999,-9999,-9999,-9999,-9999,-9999,-9999,-9999,-9999,-9999,-9999,-9999,-9999,-9999,-9999,-9999,0.4605,2.0,54.1213,3,80.6218,-9999,-9999,-9999,184.135,3,274.297,-9999,-9999,-9999,0,1.52398,3,-9999,1.52398,1.52398,1.52398,3,3,3,1.19419,1.19632,1.20293,1.2094,-0.327138,-0.327656,-0.321048,-0.314583,1.53321,0.692148,1.52778,1.55274,1.15902,1.15902,2.32125,2.3631
201901051130,201901051200,11.933,0,809.885,591.925,0,284.6,0,5.872,0,101.891,0,0.0,0,1.609,2,-9999,-9999,57.96,462.41,1135.86,69.08,51.4,46.74,378.4,-9999,-9999,12.021,12.132,12.398,12.489,12.695,-9999,13.259,-9999,14.337,2,2,2,2,2,-9999,2,-9999,2,-9999,-9999,-9999,-9999,-9999,-9999,-9999,-9999,-9999,-9999,-9999,-9999,-9999,-9999,-9999,-9999,3.1705,2.0,45.4205,3,67.6543,-9999,-9999,-9999,229.562,3,341.935,-9999,-9999,-9999,0,9.88093,3,-9999,9.88093,9.88093,9.88093,3,3,3,1.24332,1.24598,1.25423,1.26232,-8.63431,-8.63495,-8.6267,-8.61861,1.74488,0.78835,1.73879,1.76661,1.183,1.183,2.36532,2.40658
201901051200,201901051230,13.036,0,807.674,588.835,0,288.1,0,7.12,0,101.851,0,0.0,0,1.617,2,-9999,-9999,52.59,457.32,1131.79,74.49,48.9,50.35,382.7,-9999,-9999,10.775,10.552,10.853,10.987,11.277,-9999,11.973,-9999,13.194,2,2,2,2,2,-9999,2,-9999,2,-9999,-9999,-9999,-9999,-9999,-9999,-9999,-9999,-9999,-9999,-9999,-9999,-9999,-9999,-9999,-9999,7.012,2.0,43.1565,3,64.2913,-9999,-9999,-9999,227.864,3,339.455,-9999,-9999,-9999,0,8.942,3,-9999,8.942,8.942,8.942,3,3,3,1.29005,1.29323,1.30309,1.31277,-7.64801,-7.64877,-7.63891,-7.62923,1.96412,0.888073,1.95735,1.98806,1.17707,1.17707,2.35444,2.39585
201901051230,201901051300,13.911,0,786.585,572.12,0,290.7,0,8.116,0,101.829,0,0.0,0,1.655,2,-9999,-9999,48.95,442.44,1100.2,69.72,48.3,47.2,386.5,-9999,-9999,12.467,12.173,12.262,12.307,12.477,-9999,13.033,-9999,14.11,2,2,2,2,2,-9999,2,-9999,2,-9999,-9999,-9999,-9999,-9999,-9999,-9999,-9999,-9999,-9999,-9999,-9999,-9999,-9999,-9999,-9999,9.92425,2.0,46.6025,3,69.4144,-9999,-9999,-9999,229.005,2,341.095,-9999,-9999,-9999,0,9.7585,3,-9999,9.7585,9.7585,9.7585,3,3,3,1.32708,1.33068,1.34187,1.35285,-8.42695,-8.42782,-8.41663,-8.40565,2.1508,0.973039,2.14346,2.17658,1.14495,1.14657,2.29531,2.33748
201901051300,201901051330,14.664,0,746.98,540.91,0,292.5,0,8.999,0,101.809,0,0.0,0,1.694,2,-9999,-9999,46.09,412.15,1041.57,66.72,51.7,45.27,388.9,-9999,-9999,12.993,12.308,12.216,12.22,12.381,-9999,12.919,-9999,13.994,2,2,2,2,2,-9999,2,-9999,2,-9999,-9999,-9999,-9999,-9999,-9999,-9999,-9999,-9999,-9999,-9999,-9999,-9999,-9999,-9999,-9999,16.381,2.0,50.0485,3,74.5512,-9999,-9999,-9999,188.539,2,280.837,-9999,-9999,-9999,0,0.541866,2,-9999,0.541866,0.541866,0.541866,2,2,2,1.35892,1.36288,1.37522,1.38734,0.821975,0.821016,0.833356,0.845477,2.32073,1.05042,2.31287,2.34814,1.08477,1.14414,2.18384,2.2272
201901051330,201901051400,14.796,0,689.537,493.37,0,292.7,0,9.374,0,101.803,0,0.0,0,1.742,2,-9999,-9999,44.32,369.49,956.5,61.96,48.1,42.35,389.0,-9999,-9999,13.0,12.324,12.223,12.224,12.374,-9999,12.921,-9999,13.993,2,2,2,2,2,-9999,2,-9999,2,-9999,-9999,-9999,-9999,-9999,-9999,-9999,-9999,-9999,-9999,-9999,-9999,-9999,-9999,-9999,-9999,18.6337,2.0,47.7382,3,71.1466,-9999,-9999,-9999,163.645,2,243.88,-9999,-9999,-9999,0,-0.743572,3,-9999,-0.743572,-0.743572,-0.743572,3,3,3,1.36449,1.36852,1.38107,1.39339,2.11307,2.1121,2.12464,2.13696,2.35141,1.0644,2.34347,2.37912,0.992621,1.13986,2.0113,2.05586
201901051400,201901051430,15.363,0,615.237,431.34,0,294.3,0,9.898,0,101.8,0,0.0,0,1.79,2,-9999,-9999,43.31,309.06,846.68,59.66,43.2,39.72,390.7,-9999,-9999,11.454,10.902,10.945,11.011,11.24,-9999,11.953,-9999,13.138,2,2,2,2,2,-9999,2,-9999,2,-9999,-9999,-9999,-9999,-9999,-9999,-9999,-9999,-9999,-9999,-9999,-9999,-9999,-9999,-9999,-9999,20.7466,2.0,16.513,2,24.6227,-9999,-9999,-9999,142.997,2,213.217,-9999,-9999,-9999,0,0.466104,2,-9999,0.466104,0.466104,0.466104,2,2,2,1.38843,1.39274,1.40617,1.41937,0.927678,0.926636,0.940065,0.953265,2.4863,1.12586,2.47795,2.51529,0.871486,1.13293,1.78106,1.82602
201901051430,201901051500,15.653,0,525.353,360.865,0,295.0,0,10.667,0,101.812,0,0.0,0,1.839,2,-9999,-9999,40.04,241.98,713.43,48.89,44.4,32.75,391.1,-9999,-9999,11.342,10.81,10.85,10.932,11.196,-9999,11.945,-9999,13.143,2,2,2,2,2,-9999,2,-9999,2,-9999,-9999,-9999,-9999,-9999,-9999,-9999,-9999,-9999,-9999,-9999,-9999,-9999,-9999,-9999,-9999,22.175,2.0,31.783,3,47.3985,-9999,-9999,-9999,138.957,3,207.228,-9999,-9999,-9999,0,2.03333,3,-9999,2.03333,2.03333,2.03333,3,3,3,1.40065,1.40512,1.419,1.43265,-0.627137,-0.628214,-0.614328,-0.600675,2.55724,1.15819,2.54868,2.5869,0.732612,0.732612,1.51217,1.55407
201901051500,201901051530,16.021,0,421.422,275.365,0,296.3,0,11.009,0,101.821,0,0.0,0,1.888,2,-9999,-9999,39.55,163.53,560.21,39.86,39.4,26.7,392.0,-9999,-9999,11.591,10.971,10.918,10.978,11.214,-9999,11.941,-9999,13.132,2,2,2,2,2,-9999,2,-9999,2,-9999,-9999,-9999,-9999,-9999,-9999,-9999,-9999,-9999,-9999,-9999,-9999,-9999,-9999,-9999,-9999,21.7318,2.0,38.6184,3,57.6017,-9999,-9999,-9999,86.1977,2,128.572,-9999,-9999,-9999,0,0.368716,2,-9999,0.368716,0.368716,0.368716,2,2,2,1.41616,1.42081,1.43528,1.44951,1.05322,1.05209,1.06656,1.08079,2.64918,1.2001,2.64035,2.6797,0.562323,0.562323,1.17505,1.21071
201901051530,201901051600,16.099,0,305.222,170.855,0,296.5,0,11.117,0,101.844,0,0.0,0,1.857,2,-9999,-9999,39.26,81.88,375.88,29.43,29.7,20.13,390.4,-9999,-9999,13.242,12.504,12.272,12.246,12.387,-9999,12.923,-9999,13.99,2,2,2,2,2,-9999,2,-9999,2,-9999,-9999,-9999,-9999,-9999,-9999,-9999,-9999,-9999,-9999,-9999,-9999,-9999,-9999,-9999,-9999,21.9695,2.0,23.7888,3,35.4879,-9999,-9999,-9999,24.285,3,36.2276,-9999,-9999,-9999,0,0.724327,3,-9999,0.724327,0.724327,0.724327,3,3,3,1.41945,1.42414,1.43873,1.45308,0.700939,0.699808,0.714402,0.728756,2.66895,1.20911,2.66005,2.69965,0.35143,0.361214,0.74579,0.771164
201901051600,201901051630,16.03,0,178.743,94.425,0,296.6,0,10.998,0,101.858,0,0.0,0,1.827,2,-9999,-9999,39.65,1.54,177.26,17.48,22.8,12.41,388.3,-9999,-9999,11.694,11.104,10.909,10.92,11.165,-9999,11.951,-9999,13.133,2,2,2,2,2,-9999,2,-9999,2,-9999,-9999,-9999,-9999,-9999,-9999,-9999,-9999,-9999,-9999,-9999,-9999,-9999,-9999,-9999,-9999,20.8953,2.0,4.034,3,6.01791,-9999,-9999,-9999,10.788,3,16.0926,-9999,-9999,-9999,0,1.3728,3,-9999,1.28373,1.3728,1.3728,3,3,3,1.41654,1.42119,1.43568,1.44992,0.0495172,0.0483942,0.0654166,0.166193,2.65146,1.20113,2.64262,2.682,0.195256,0.392452,0.419197,0.434582
201901051630,201901051700,15.645,0,46.412,24.88,0,296.0,0,10.356,0,101.884,0,0.0,0,1.436,2,-9999,-9999,41.75,-64.87,45.45,5.2,12.4,4.43,384.4,-9999,-9999,11.054,10.843,10.977,11.01,11.233,-9999,11.99,-9999,13.174,2,2,2,2,2,-9999,2,-9999,2,-9999,-9999,-9999,-9999,-9999,-9999,-9999,-9999,-9999,-9999,-9999,-9999,-9999,-9999,-9999,-9999,9.66962,2.0,0.577286,2,0.861165,-9999,-9999,-9999,-14.2101,2,-21.1956,-9999,-9999,-9999,0,2.39676,2,-9999,2.10307,2.39676,2.39676,2,2,2,1.40032,1.40478,1.41865,1.43229,-0.990909,-0.966314,-0.725293,-0.696471,2.55527,1.15729,2.54671,2.58491,0.0516985,0.111205,0.114604,0.117602
201901051700,201901051730,15.137,0,0.0,0.0,0,295.0,0,9.536,0,101.91,0,0.0,0,1.046,2,-9999,-9999,44.59,-90.89,2.83,0.15,2.5,1.64,379.9,-9999,-9999,10.952,10.762,10.914,10.956,11.184,-9999,11.944,-9999,13.134,2,2,2,2,2,-9999,2,-9999,2,-9999,-9999,-9999,-9999,-9999,-9999,-9999,-9999,-9999,-9999,-9999,-9999,-9999,-9999,-9999,-9999,7.95128,2.0,0.240545,2,0.358833,-9999,-9999,-9999,-12.2997,2,-18.3451,-9999,-9999,-9999,1,1.97308,2,-9999,1.95316,1.97308,1.97308,2,2,2,1.37889,1.38309,1.39617,1.40902,-0.588974,-0.588974,-0.564504,-0.325694,2.43193,1.10108,2.42375,2.46041,0.0,0.0,0.0,0.0
201901051730,201901051800,14.995,0,0.0,0.0,0,294.5,0,9.303,0,101.92,0,0.0,0,1.341,2,-9999,-9999,45.45,-90.02,-0.21,-0.07,1.0,2.46,377.1,-9999,-9999,10.93,10.759,10.918,10.963,11.19,-9999,11.944,-9999,13.133,2,2,2,2,2,-9999,2,-9999,2,-9999,-9999,-9999,-9999,-9999,-9999,-9999,-9999,-9999,-9999,-9999,-9999,-9999,-9999,-9999,-9999,7.50918,2.0,0.0876667,2,0.130777,-9999,-9999,-9999,-11.6219,2,-17.3334,-9999,-9999,-9999,1,1.97308,2,-9999,1.95316,1.97308,1.97308,2,2,2,1.37289,1.37703,1.38988,1.40251,-0.595057,-0.595057,-0.571003,-0.333331,2.39818,1.08571,2.39009,2.42634,0.0,0.0,0.0,0.0
201901051800,201901051830,14.648,0,0.0,0.0,0,293.7,0,8.926,0,101.916,0,0.0,0,1.636,2,-9999,-9999,46.47,-87.29,-0.19,-0.06,0.9,1.41,374.2,-9999,-9999,12.192,12.225,12.308,12.348,12.486,-9999,13.091,-9999,14.165,2,2,2,2,2,-9999,2,-9999,2,-9999,-9999,-9999,-9999,-9999,-9999,-9999,-9999,-9999,-9999,-9999,-9999,-9999,-9999,-9999,-9999,8.04675,2.0,-0.076,2,-0.113373,-9999,-9999,-9999,-11.0514,2,-16.483,-9999,-9999,-9999,1,1.97308,2,-9999,1.62595,1.97308,1.97308,2,2,2,1.35824,1.3622,1.37451,1.38661,-0.609925,-0.59492,-0.58647,-0.262128,2.31702,1.04873,2.30918,2.34441,0.0,0.0,0.0,0.0
201901051830,201901051900,13.599,0,0.0,0.0,0,292.1,0,7.572,0,101.907,0,0.0,0,1.597,2,-9999,-9999,51.4,-84.98,-0.21,-0.04,1.1,0.79,370.8,-9999,-9999,12.48,12.411,12.387,12.341,12.448,-9999,13.031,-9999,14.084,2,2,2,2,2,-9999,2,-9999,2,-9999,-9999,-9999,-9999,-9999,-9999,-9999,-9999,-9999,-9999,-9999,-9999,-9999,-9999,-9999,-9999,8.00358,2.0,-0.326533,2,-0.487106,-9999,-9999,-9999,-9.50981,2,-14.1837,-9999,-9999,-9999,1,1.97308,2,-9999,1.62595,1.97308,1.97308,2,2,2,1.31388,1.31733,1.32804,1.33855,-0.654918,-0.639277,-0.634526,-0.307205,2.08292,0.942138,2.07579,2.10803,0.0,0.0,0.0,0.0
201901051900,201901051930,13.851,0,0.0,0.0,0,292.5,0,8.069,0,101.922,0,0.0,0,1.558,2,-9999,-9999,49.05,-83.01,-0.23,-0.03,0.9,0.85,369.4,-9999,-9999,12.373,12.33,12.344,12.328,12.449,-9999,13.046,-9999,14.104,2,2,2,2,2,-9999,2,-9999,2,-9999,-9999,-9999,-9999,-9999,-9999,-9999,-9999,-9999,-9999,-9999,-9999,-9999,-9999,-9999,-9999,8.00358,2.0,-0.326533,2,-0.487106,-9999,-9999,-9999,-9.50981,2,-14.1837,-9999,-9999,-9999,1,1.97308,2,-9999,1.62595,1.97308,1.97308,2,2,2,1.32455,1.32811,1.33921,1.3501,-0.644104,-0.628615,-0.622983,-0.296371,2.13763,0.967044,2.13033,2.16328,0.0,0.0,0.0,0.0
201901051930,201901052000,12.521,0,0.0,0.0,0,290.7,0,6.437,0,101.96,0,0.0,0,1.482,2,-9999,-9999,55.67,-81.82,-0.23,-0.02,1.3,1.14,366.2,-9999,-9999,12.011,12.163,12.289,12.293,12.428,-9999,13.002,-9999,14.07,2,2,2,2,2,-9999,2,-9999,2,-9999,-9999,-9999,-9999,-9999,-9999,-9999,-9999,-9999,-9999,-9999,-9999,-9999,-9999,-9999,-9999,4.70369,2.0,-0.73775,2,-1.1005,-9999,-9999,-9999,-8.22773,2,-12.271,-9999,-9999,-9999,1,2.19738,2,-9999,2.19738,2.19738,2.19738,2,2,2,1.26824,1.27117,1.28028,1.28921,-0.925502,-0.926212,-0.90848,-0.690617,1.85956,0.840501,1.85311,1.88245,0.0,0.0,0.0,0.0
201901052000,201901052030,11.444,0,0.0,0.0,0,287.8,0,5.02,0,101.985,0,0.0,0,1.406,2,-9999,-9999,62.88,-82.52,-0.21,0.05,1.6,0.35,364.2,-9999,-9999,11.821,12.058,12.242,12.267,12.415,-9999,12.987,-9999,14.058,2,2,2,2,2,-9999,2,-9999,2,-9999,-9999,-9999,-9999,-9999,-9999,-9999,-9999,-9999,-9999,-9999,-9999,-9999,-9999,-9999,-9999,1.84395,2.0,-0.864364,2,-1.28937,-9999,-9999,-9999,-3.63277,2,-5.41799,-9999,-9999,-9999,1,3.584,2,-9999,2.98925,3.584,3.584,2,2,2,1.22259,1.22503,1.23258,1.23997,-2.35838,-2.35897,-2.34403,-1.76125,1.65328,0.746707,1.64747,1.67406,0.0,0.0,0.0,0.0
201901052030,201901052100,10.266,0,0.0,0.0,0,284.5,0,3.776,0,101.991,0,0.0,0,1.539,2,-9999,-9999,69.8,-83.95,-0.24,0.01,1.3,1.69,361.5,-9999,-9999,11.662,12.037,12.257,12.296,12.455,-9999,13.011,-9999,14.091,2,2,2,2,2,-9999,2,-9999,2,-9999,-9999,-9999,-9999,-9999,-9999,-9999,-9999,-9999,-9999,-9999,-9999,-9999,-9999,-9999,-9999,0.826985,2.0,1.30008,2,1.93924,-9999,-9999,-9999,-6.86419,2,-10.237,-9999,-9999,-9999,1,1.904,2,-9999,1.904,1.904,1.904,2,2,2,1.17266,1.17457,1.18047,1.18625,-0.728967,-0.729431,-0.723526,-0.717752,1.44629,0.652667,1.44114,1.46491,0.0,0.0,0.0,0.0
201901052100,201901052130,10.318,0,0.0,0.0,0,284.4,0,3.415,0,101.982,0,0.0,0,1.673,2,-9999,-9999,72.78,-82.85,-0.23,0.03,1.0,2.3,360.7,-9999,-9999,11.662,12.037,12.257,12.296,12.455,-9999,13.011,-9999,14.091,2,2,2,2,2,-9999,2,-9999,2,-9999,-9999,-9999,-9999,-9999,-9999,-9999,-9999,-9999,-9999,-9999,-9999,-9999,-9999,-9999,-9999,0.826985,2.0,1.30008,2,1.93937,-9999,-9999,-9999,-6.86419,2,-10.2348,-9999,-9999,-9999,1,1.904,2,-9999,1.904,1.904,1.904,2,2,2,1.17487,1.1768,1.18277,1.18862,-0.726735,-0.727205,-0.721228,-0.715384,1.45503,0.656635,1.44985,1.47374,0.0,0.0,0.0,0.0
201901052130,201901052200,10.031,0,0.0,0.0,0,284.3,0,2.864,0,101.969,0,0.0,0,1.723,2,-9999,-9999,76.73,-82.17,-0.23,0.02,1.2,1.89,359.7,-9999,-9999,11.6,12.025,12.258,12.3,12.462,-9999,13.016,-9999,14.098,2,2,2,2,2,-9999,2,-9999,2,-9999,-9999,-9999,-9999,-9999,-9999,-9999,-9999,-9999,-9999,-9999,-9999,-9999,-9999,-9999,-9999,0.0872794,2.0,1.30008,2,1.93932,-9999,-9999,-9999,-6.9146,2,-10.3082,-9999,-9999,-9999,1,1.904,2,-9999,1.904,1.904,1.904,2,2,2,1.16271,1.16451,1.17009,1.17555,-0.739053,-0.739492,-0.733908,-0.72845,1.40726,0.634945,1.40224,1.42546,0.0,0.0,0.0,0.0
201901052200,201901052230,9.432,0,0.0,0.0,0,283.2,0,1.843,0,101.957,0,0.0,0,1.773,2,-9999,-9999,84.41,-81.93,-0.2,0.06,1.2,2.2,358.6,-9999,-9999,11.389,12.0,12.273,12.317,12.482,-9999,13.035,-9999,14.117,2,2,2,2,2,-9999,2,-9999,2,-9999,-9999,-9999,-9999,-9999,-9999,-9999,-9999,-9999,-9999,-9999,-9999,-9999,-9999,-9999,-9999,-2.29584,2.0,1.77391,2,6.34399,-9999,-9999,-9999,-7.69169,2,-27.5076,-9999,-9999,-9999,1,2.18033,2,-9999,2.18033,2.18033,2.18033,2,2,2,1.13734,1.13888,1.14365,1.14832,-1.04108,-1.04145,-1.03668,-1.03201,1.3111,0.591293,1.30639,1.32827,0.0,0.0,0.0,0.0
201901052230,201901052300,8.877,0,0.0,0.0,0,282.1,0,0.467,0,101.977,0,0.0,0,1.765,2,-9999,-9999,95.9,-81.14,-0.2,0.06,1.4,1.98,357.6,-9999,-9999,11.127,12.015,12.326,12.355,12.51,-9999,13.055,-9999,14.134,2,2,2,2,2,-9999,2,-9999,2,-9999,-9999,-9999,-9999,-9999,-9999,-9999,-9999,-9999,-9999,-9999,-9999,-9999,-9999,-9999,-9999,-6.70344,2.0,1.599,2,5.81193,-9999,-9999,-9999,-3.81067,2,-13.628,-9999,-9999,-9999,1,4.24137,3,-9999,4.24137,4.24137,4.53426,3,3,2,1.11384,1.11515,1.11919,1.12314,-3.1259,-3.41745,-3.12622,-3.11628,1.22619,0.552763,1.22175,1.24242,0.0,0.0,0.0,0.0
201901052300,201901052330,8.88,0,0.0,0.0,0,281.7,0,0.801,0,102.059,0,0.0,0,1.757,2,-9999,-9999,92.97,-82.64,-0.16,0.11,1.1,2.09,357.6,-9999,-9999,11.123,12.013,12.326,12.357,12.515,-9999,13.061,-9999,14.139,2,2,2,2,2,-9999,2,-9999,2,-9999,-9999,-9999,-9999,-9999,-9999,-9999,-9999,-9999,-9999,-9999,-9999,-9999,-9999,-9999,-9999,-6.70344,2.0,2.34013,2,8.55132,-9999,-9999,-9999,-6.9753,2,-24.9456,-9999,-9999,-9999,1,1.754,2,-9999,1.754,1.754,1.754,2,2,2,1.11397,1.11528,1.11932,1.12327,-0.638403,-0.638724,-0.634677,-0.630728,1.22664,0.552967,1.22219,1.24288,0.0,0.0,0.0,0.0
201901052330,201901060000,8.726,0,0.0,0.0,0,281.0,0,1.654,0,102.071,0,0.0,0,1.788,2,-9999,-9999,85.33,-81.98,-0.16,0.11,1.2,1.9,356.8,-9999,-9999,11.067,12.012,12.337,12.369,12.529,-9999,13.075,-9999,14.154,2,2,2,2,2,-9999,2,-9999,2,-9999,-9999,-9999,-9999,-9999,-9999,-9999,-9999,-9999,-9999,-9999,-9999,-9999,-9999,-9999,-9999,-7.2128,2.0,2.825,2,10.2681,-9999,-9999,-9999,-11.7961,2,-42.186,-9999,-9999,-9999,1,1.6124,2,-9999,1.6124,1.6124,1.6124,2,2,2,1.10745,1.1087,1.11254,1.11629,-0.503399,-0.503704,-0.499858,-0.496106,1.20377,0.542594,1.1994,1.21976,0.0,0.0,0.0,0.0
201901060000,201901060030,8.777,0,0.0,0.0,0,280.7,0,1.236,0,102.052,0,0.0,0,1.819,2,-9999,-9999,89.07,-82.09,-0.19,0.06,1.2,1.99,356.5,-9999,-9999,11.108,12.017,12.334,12.366,12.524,-9999,13.07,-9999,14.149,2,2,2,2,2,-9999,2,-9999,2,-9999,-9999,-9999,-9999,-9999,-9999,-9999,-9999,-9999,-9999,-9999,-9999,-9999,-9999,-9999,-9999,-6.87935,2.0,2.621,2,9.49599,-9999,-9999,-9999,-9.166,2,-32.4951,-9999,-9999,-9999,1,1.76267,2,-9999,1.76267,1.76267,1.76267,2,2,2,1.10961,1.11087,1.11479,1.1186,-0.651485,-0.651795,-0.647883,-0.644065,1.21131,0.546014,1.20692,1.22738,0.0,0.0,0.0,0.0
201901060030,201901060100,8.399,0,0.0,0.0,0,279.7,0,0.848,0,102.057,0,0.0,0,1.638,2,-9999,-9999,92.31,-82.58,-0.19,0.08,1.2,2.09,355.7,-9999,-9999,10.885,11.964,12.327,12.37,12.538,-9999,13.086,-9999,14.169,2,2,2,2,2,-9999,2,-9999,2,-9999,-9999,-9999,-9999,-9999,-9999,-9999,-9999,-9999,-9999,-9999,-9999,-9999,-9999,-9999,-9999,-9.12457,2.0,2.23822,2,8.08437,-9999,-9999,-9999,-7.98409,2,-28.2166,-9999,-9999,-9999,1,1.101,2,-9999,1.101,1.101,1.101,2,2,2,1.09363,1.09473,1.09815,1.10149,-0.00599647,-0.00626898,-0.002846,0.000492096,1.15621,0.521023,1.152,1.17167,0.0,0.0,0.0,0.0
201901060100,201901060130,8.142,0,0.0,0.0,0,279.0,0,0.623,0,102.053,0,0.0,0,1.457,2,-9999,-9999,94.25,-82.76,-0.17,0.1,1.3,2.25,355.1,-9999,-9999,10.863,11.954,12.322,12.368,12.536,-9999,13.082,-9999,14.166,2,2,2,2,2,-9999,2,-9999,2,-9999,-9999,-9999,-9999,-9999,-9999,-9999,-9999,-9999,-9999,-9999,-9999,-9999,-9999,-9999,-9999,-9.71475,2.0,1.47978,2,5.2939,-9999,-9999,-9999,-5.699,2,-19.9636,-9999,-9999,-9999,1,0.7605,2,-9999,0.7605,0.7605,0.7605,2,2,2,1.08276,1.08376,1.08686,1.08987,0.32351,0.323263,0.326357,0.329373,1.11977,0.504501,1.11568,1.13483,0.0,0.0,0.0,0.0
201901060130,201901060200,7.699,0,0.0,0.0,0,279.7,0,3.617,1,102.049,0,0.0,0,1.619,2,-9999,-9999,-9999,-80.38,-0.17,0.09,1.3,2.08,353.7,-9999,-9999,11.352,12.041,12.315,12.355,12.511,-9999,13.075,-9999,14.144,2,2,2,2,2,-9999,2,-9999,2,-9999,-9999,-9999,-9999,-9999,-9999,-9999,-9999,-9999,-9999,-9999,-9999,-9999,-9999,-9999,-9999,-4.59334,2.0,0.92525,3,3.25968,-9999,-9999,-9999,-12.9447,3,-44.9427,-9999,-9999,-9999,1,1.44856,3,-9999,1.39105,1.44856,1.47574,3,3,3,1.06405,1.06487,1.06741,1.06988,-0.383484,-0.411687,-0.361275,-0.299515,1.05888,0.476895,1.05498,1.07324,0.0,0.0,0.0,0.0
201901060200,201901060230,7.487,0,0.0,0.0,0,285.1,0,3.617,1,102.053,0,0.0,0,1.78,2,-9999,-9999,-9999,-72.89,-0.16,0.1,1.2,2.37,351.8,-9999,-9999,11.348,12.04,12.315,12.355,12.511,-9999,13.074,-9999,14.142,2,2,2,2,2,-9999,2,-9999,2,-9999,-9999,-9999,-9999,-9999,-9999,-9999,-9999,-9999,-9999,-9999,-9999,-9999,-9999,-9999,-9999,-4.72624,2.0,0.800735,3,2.79611,-9999,-9999,-9999,-12.8005,3,-44.0442,-9999,-9999,-9999,1,1.44856,3,-9999,1.39105,1.44856,1.47574,3,3,3,1.05511,1.05584,1.05811,1.06032,-0.392536,-0.420635,-0.370794,-0.310656,1.03058,0.464071,1.02678,1.04463,0.0,0.0,0.0,0.0
201901060230,201901060300,7.139,0,0.0,0.0,0,282.7,0,3.611,1,102.048,0,0.0,0,1.521,2,-9999,-9999,-9999,-73.59,-0.12,0.13,1.3,1.46,350.4,-9999,-9999,11.343,12.039,12.315,12.355,12.51,-9999,13.073,-9999,14.141,2,2,2,2,2,-9999,2,-9999,2,-9999,-9999,-9999,-9999,-9999,-9999,-9999,-9999,-9999,-9999,-9999,-9999,-9999,-9999,-9999,-9999,-4.86685,2.0,0.800735,3,2.77121,-9999,-9999,-9999,-12.8005,3,-44.0442,-9999,-9999,-9999,1,1.44856,3,-9999,1.39105,1.44856,1.47574,3,3,3,1.04043,1.04103,1.04287,1.04466,-0.407382,-0.43531,-0.386398,-0.328918,0.985299,0.443554,0.981649,0.998826,0.0,0.0,0.0,0.0
201901060300,201901060330,6.92,0,0.0,0.0,0,280.0,0,3.605,1,102.057,0,0.0,0,1.262,2,-9999,-9999,-9999,-75.11,-0.14,0.11,1.3,2.58,348.6,-9999,-9999,11.337,12.038,12.315,12.355,12.509,-9999,13.071,-9999,14.139,2,2,2,2,2,-9999,2,-9999,2,-9999,-9999,-9999,-9999,-9999,-9999,-9999,-9999,-9999,-9999,-9999,-9999,-9999,-9999,-9999,-9999,-5.01264,2.0,0.800735,3,2.75518,-9999,-9999,-9999,-12.8005,3,-43.788,-9999,-9999,-9999,1,1.44856,3,-9999,1.39105,1.44856,1.47574,3,3,3,1.0312,1.03171,1.03329,1.03482,-0.416717,-0.444538,-0.396203,-0.340393,0.957539,0.430979,0.953981,0.970746,0.0,0.0,0.0,0.0
201901060330,201901060400,6.88,0,0.0,0.0,0,287.6,0,3.598,1,102.098,0,0.0,0,1.223,2,-9999,-9999,-9999,-66.76,-0.15,0.12,1.3,2.36,348.1,-9999,-9999,11.332,12.036,12.315,12.354,12.509,-9999,13.07,-9999,14.137,2,2,2,2,2,-9999,2,-9999,2,-9999,-9999,-9999,-9999,-9999,-9999,-9999,-9999,-9999,-9999,-9999,-9999,-9999,-9999,-9999,-9999,-5.16098,2.0,0.800735,3,2.73916,-9999,-9999,-9999,-12.8005,3,-43.788,-9999,-9999,-9999,1,1.44856,3,-9999,1.39105,1.44856,1.47574,3,3,3,1.02952,1.03001,1.03154,1.03303,-0.418421,-0.446223,-0.397993,-0.342488,0.952529,0.42871,0.948988,0.965679,0.0,0.0,0.0,0.0
201901060400,201901060430,6.803,0,0.0,0.0,0,295.2,0,3.59,1,102.086,0,0.0,0,1.184,2,-9999,-9999,-9999,-58.01,-0.16,0.12,1.2,2.89,346.7,-9999,-9999,11.326,12.035,12.314,12.354,12.508,-9999,13.069,-9999,14.136,2,2,2,2,2,-9999,2,-9999,2,-9999,-9999,-9999,-9999,-9999,-9999,-9999,-9999,-9999,-9999,-9999,-9999,-9999,-9999,-9999,-9999,-5.16098,2.0,0.800735,3,2.73916,-9999,-9999,-9999,-12.8005,3,-43.788,-9999,-9999,-9999,1,1.44856,3,-9999,1.39105,1.44856,1.47574,3,3,3,1.02627,1.02674,1.02818,1.02957,-0.421701,-0.449465,-0.401437,-0.346518,0.942938,0.424366,0.939429,0.955977,0.0,0.0,0.0,0.0
